Region,Avg Temperature (Celsius),Avg Max Temperature (Celsius),Avg Min Temperature (Celsius),Avg Local Pressure (hPa),Avg Sea Level Pressure (hPa),Avg Vapor Pressure (hPa),Avg Dew Point Temp (Celsius),Avg Relative Humidity (%),Monthly Precipitation (mm),Small Pan Evaporation (mm),Avg Wind Speed (m/s),Avg Cloud Cover (1/10),Sunshine Rate (%),Total Solar Radiation (MJ/m^2),Avg Min Supercool Temp (Celsius),Avg Ground Temp (Celsius),Year,Month
Seoul,-0.9,3.6,-4.8,1013.8,1024.7,3.4,-9.0,56,11.3,33.8,2.6,3.9,62.94,245.05,-9.0,-0.4,2015,1
Seoul,1.0,6.0,-2.9,1011.4,1022.2,4.1,-6.8,59,22.7,43.2,2.9,4.5,59.5,267.04,-6.8,2.0,2015,2
Seoul,6.3,12.4,1.0,1010.7,1021.3,4.4,-6.0,45,9.6,87.4,3.1,2.8,73.07,458.62,-4.5,7.8,2015,3
Seoul,13.3,18.8,8.4,1005.5,1015.8,8.0,2.9,55,80.5,104.8,3.1,5.0,54.71,449.84,4.7,14.9,2015,4
Seoul,18.9,24.9,13.6,999.4,1009.4,11.0,7.5,53,28.9,149.3,3.0,4.1,66.03,602.95,9.7,23.8,2015,5
Seoul,23.6,29.5,18.9,996.9,1006.7,16.8,14.4,60,99.0,144.0,2.5,5.6,58.39,530.22,16.2,27.3,2015,6
Seoul,25.8,30.0,22.6,996.8,1006.5,23.4,19.6,71,226.0,103.4,2.8,7.0,39.23,428.46,20.8,27.9,2015,7
Seoul,26.3,30.8,22.8,998.5,1008.2,23.5,19.9,70,72.9,104.1,2.4,5.6,49.1,436.33,20.1,28.0,2015,8
Seoul,22.4,28.1,17.5,1004.1,1014.0,14.8,12.4,56,26.0,115.2,2.3,3.8,70.17,458.73,13.2,25.1,2015,9
Seoul,15.5,21.2,10.8,1008.2,1018.4,10.8,7.1,61,81.5,84.0,2.3,2.8,68.72,359.17,6.0,16.3,2015,10
Seoul,8.9,12.7,5.9,1012.9,1023.4,8.6,4.0,74,104.6,27.7,2.7,6.6,35.64,177.93,3.0,9.5,2015,11
Seoul,1.6,6.0,-2.1,1014.8,1025.6,4.3,-5.9,60,29.1,30.7,2.3,4.1,59.48,206.35,-5.4,2.2,2015,12
Seoul,-3.2,1.1,-6.8,1014.5,1025.5,2.8,-12.0,53,1.0,38.2,2.5,4.0,63.86,246.52,-10.3,-1.4,2016,1
Seoul,0.2,5.1,-4.1,1013.3,1024.2,3.5,-9.4,52,47.6,45.4,2.8,3.7,62.26,288.43,-7.9,1.1,2016,2
Seoul,7.0,12.6,2.4,1010.9,1021.5,5.2,-3.5,51,40.5,83.0,2.4,3.6,68.29,432.76,-1.5,9.1,2016,3
Seoul,14.1,20.3,9.1,1003.2,1013.3,8.3,3.6,55,76.8,97.4,2.4,4.8,55.47,460.4,5.3,17.0,2016,4
Seoul,19.6,25.7,14.1,1001.3,1011.3,12.0,9.1,56,160.5,130.7,2.4,4.6,63.57,594.54,10.8,23.2,2016,5
Seoul,23.6,28.7,19.5,997.6,1007.4,17.9,15.5,63,54.4,132.4,2.1,5.3,51.97,508.07,16.5,28.2,2016,6
Seoul,26.2,29.8,23.3,997.8,1007.5,24.4,20.6,73,358.2,134.0,2.1,7.2,35.76,403.01,21.2,28.3,2016,7
Seoul,28.0,32.6,24.5,996.0,1005.6,24.0,20.0,64,67.1,168.3,2.1,4.6,56.11,468.05,22.3,31.9,2016,8
Seoul,23.1,27.9,19.3,1003.3,1013.2,18.0,15.5,65,33.0,127.9,2.0,5.8,51.41,370.92,17.1,24.9,2016,9
Seoul,16.1,21.3,11.6,1009.0,1019.2,11.7,8.2,62,74.8,106.4,2.1,5.3,56.27,318.14,8.8,17.0,2016,10
Seoul,6.8,11.6,2.8,1012.6,1023.2,6.2,-1.8,57,16.7,69.6,2.2,4.7,56.76,235.03,-0.2,7.2,2016,11
Seoul,1.2,5.8,-2.7,1014.2,1025.0,4.2,-6.4,59,61.1,50.0,2.2,4.7,55.71,205.35,-5.6,1.6,2016,12
Seoul,-1.8,2.9,-5.8,1014.7,1025.6,3.2,-10.3,55,14.9,52.2,2.3,3.5,67.97,256.11,-9.6,-0.7,2017,1
Seoul,-0.2,4.8,-4.7,1012.6,1023.5,3.3,-9.2,54,11.1,63.1,2.4,2.8,69.31,311.86,-8.6,1.0,2017,2
Seoul,6.3,12.3,1.7,1009.0,1019.6,4.5,-4.9,48,7.9,116.9,2.4,3.9,68.73,444.9,-2.7,8.1,2017,3
Seoul,13.9,20.0,9.1,1002.6,1012.8,8.0,2.9,52,61.6,165.8,2.6,4.4,65.66,488.91,5.2,16.9,2017,4
Seoul,19.5,25.4,14.4,1002.0,1012.0,11.4,8.3,52,16.1,215.3,2.4,3.9,68.48,645.35,10.3,25.0,2017,5
Seoul,23.3,28.8,18.7,998.4,1008.2,15.7,13.1,57,66.6,214.6,2.4,4.7,64.51,625.27,15.8,28.6,2017,6
Seoul,26.9,30.4,24.3,997.5,1007.2,26.9,22.2,77,621.0,122.7,2.0,7.9,27.44,375.27,23.1,28.3,2017,7
Seoul,25.9,29.7,22.9,997.7,1007.4,23.7,19.7,71,297.0,139.1,2.3,7.0,39.47,411.09,21.2,27.7,2017,8
Seoul,22.1,27.4,17.5,1003.1,1013.0,16.0,13.6,61,35.0,147.3,2.0,4.2,64.75,445.23,14.5,24.2,2017,9
Seoul,16.4,22.5,11.6,1010.7,1020.9,10.7,7.0,56,26.5,94.6,1.9,4.5,66.14,240.97,7.5,16.8,2017,10
Seoul,5.6,10.5,1.3,1012.4,1023.0,5.4,-3.9,54,40.7,57.9,2.1,4.2,59.45,145.34,-4.4,5.4,2017,11
Seoul,-1.9,2.2,-5.7,1015.1,1026.0,3.3,-10.3,56,34.8,36.9,1.8,3.9,58.96,151.69,-9.8,-1.5,2017,12
Seoul,-4.0,0.1,-7.3,1013.5,1024.6,2.5,-13.9,48,8.5,39.2,1.9,4.3,65.01,158.99,-11.7,-2.8,2018,1
Seoul,-1.6,3.3,-5.9,1012.8,1023.8,2.6,-13.0,45,29.6,65.7,2.2,3.9,66.53,309.28,-11.8,-1.1,2018,2
Seoul,8.1,13.6,3.8,1009.9,1020.3,6.6,-0.2,59,49.5,107.2,1.9,5.2,56.38,446.41,-0.4,8.4,2018,3
Seoul,13.0,18.5,8.1,1005.4,1015.6,8.0,2.6,55,130.3,151.3,2.0,4.7,56.54,513.19,3.2,14.5,2018,4
Seoul,18.2,23.3,13.4,1001.3,1011.2,13.1,10.1,63,222.0,159.4,1.7,5.4,52.66,561.24,10.1,21.1,2018,5
Seoul,23.1,28.4,18.9,997.8,1007.6,17.3,14.9,63,171.5,182.6,1.7,5.9,53.51,602.59,15.2,27.9,2018,6
Seoul,27.8,32.1,24.2,998.9,1008.5,24.6,20.6,68,185.6,179.0,1.5,5.1,52.64,561.1,21.4,31.3,2018,7
Seoul,28.8,33.3,25.2,997.4,1007.0,24.9,20.8,65,202.6,175.1,1.7,5.8,55.19,517.16,22.3,31.8,2018,8
Seoul,21.5,26.0,17.6,1003.3,1013.2,15.4,12.9,61,68.5,144.9,1.6,5.1,58.6,470.96,14.3,23.5,2018,9
Seoul,13.1,18.6,8.5,1008.6,1018.9,8.9,4.6,59,120.5,109.1,1.5,3.7,69.43,403.34,4.1,14.0,2018,10
Seoul,7.8,13.2,3.6,1013.1,1023.7,6.3,-1.0,58,79.1,71.1,1.4,4.0,58.13,265.35,-0.3,7.1,2018,11
Seoul,-0.6,4.1,-4.7,1016.8,1027.8,3.1,-11.6,46,16.4,56.5,1.8,3.8,66.92,253.64,-8.8,0.0,2018,12
Seoul,-0.9,4.1,-5.1,1015.4,1026.4,2.7,-12.0,46,0.0,63.3,1.8,3.1,70.01,285.25,-11.1,-0.4,2019,1
Seoul,1.0,6.0,-3.2,1013.7,1024.5,3.2,-10.1,47,23.8,71.1,1.8,4.8,62.98,319.96,-7.8,1.6,2019,2
Seoul,7.1,12.4,2.7,1006.6,1017.1,5.1,-3.4,51,26.8,109.2,2.1,4.7,54.99,417.72,-2.6,8.2,2019,3
Seoul,12.1,17.6,7.2,1004.8,1015.1,7.2,0.7,51,47.3,147.9,1.9,4.9,56.13,502.12,1.6,14.0,2019,4
Seoul,19.4,25.6,13.7,1001.6,1011.5,10.2,6.4,47,37.8,230.1,2.1,3.8,71.4,701.39,8.2,24.3,2019,5
Seoul,22.5,27.7,18.1,997.2,1007.0,16.1,13.8,61,74.0,178.8,1.7,5.4,53.18,589.02,14.2,26.5,2019,6
Seoul,25.9,30.1,22.7,996.2,1005.9,22.6,19.1,69,194.4,144.2,1.8,7.2,33.44,426.99,20.2,28.4,2019,7
Seoul,27.2,31.6,23.6,996.9,1006.6,24.2,20.4,69,190.5,160.1,1.6,5.6,58.59,486.24,21.0,28.9,2019,8
Seoul,22.6,27.1,19.0,1004.7,1014.6,17.8,15.1,65,139.8,133.1,2.2,6.6,45.22,386.78,15.4,24.0,2019,9
Seoul,16.4,21.8,11.8,1008.8,1018.9,11.7,8.5,62,55.5,121.2,2.1,4.2,67.8,395.43,7.0,17.1,2019,10
Seoul,7.6,12.9,3.1,1012.2,1022.7,6.1,-1.5,56,78.8,82.1,2.2,4.1,66.45,284.28,-1.1,7.6,2019,11
Seoul,1.4,5.3,-2.6,1014.9,1025.8,4.2,-6.5,58,22.6,52.4,2.1,4.4,54.93,223.25,-6.5,1.6,2019,12
Seoul,1.6,5.9,-1.7,1012.8,1023.6,3.9,-6.9,56,60.5,60.5,2.1,4.8,57.93,252.58,-6.3,1.0,2020,1
Seoul,2.5,7.2,-1.3,1014.0,1024.8,4.6,-5.6,58,53.1,67.5,2.3,4.7,58.99,313.44,-5.6,3.1,2020,2
Seoul,7.7,13.3,2.6,1007.1,1017.6,4.8,-4.4,46,16.3,143.6,2.5,3.4,70.77,515.18,-3.1,8.9,2020,3
Seoul,11.1,16.6,6.3,1006.7,1017.0,6.6,-0.1,50,16.9,179.0,3.0,3.1,71.59,637.52,0.7,15.4,2020,4
Seoul,18.0,23.3,13.7,1000.1,1010.1,13.5,10.9,67,112.4,162.6,2.4,6.3,40.38,564.83,10.1,21.4,2020,5
Seoul,23.9,29.0,19.9,996.2,1005.9,19.4,16.9,68,139.6,188.8,2.3,5.9,46.62,603.98,16.5,28.7,2020,6
Seoul,24.1,28.0,21.1,996.9,1006.7,22.7,19.4,77,270.4,139.2,2.4,7.5,26.62,464.55,18.8,25.8,2020,7
Seoul,26.5,29.3,24.4,998.6,1008.3,29.2,23.6,85,675.7,99.7,2.3,8.1,17.76,325.97,22.3,27.0,2020,8
Seoul,21.4,25.6,18.0,1001.9,1011.8,17.9,15.4,71,181.5,136.4,2.5,5.8,46.77,452.05,14.4,22.4,2020,9
Seoul,14.3,19.5,9.6,1010.5,1020.7,10.0,6.1,61,0.0,123.3,2.1,3.7,65.3,428.25,4.9,14.4,2020,10
Seoul,8.0,12.6,4.0,1014.5,1025.1,7.4,1.0,64,120.1,72.8,2.2,4.1,56.17,281.51,0.7,8.1,2020,11
Seoul,-0.3,3.9,-4.2,1015.9,1026.8,3.7,-8.0,58,4.6,55.2,2.2,3.3,68.16,276.39,-7.7,-0.4,2020,12
Seoul,-2.4,2.2,-6.8,1013.9,1024.9,3.4,-10.2,58,18.9,52.4,2.5,3.9,59.25,270.25,-9.8,-2.0,2021,1
Seoul,2.7,7.9,-2.2,1010.7,1021.5,4.4,-6.0,56,7.1,75.8,2.6,4.0,59.74,348.55,-4.9,2.3,2021,2
Seoul,9.0,14.8,4.3,1009.2,1019.7,7.0,1.5,63,110.9,117.6,2.4,4.7,57.37,476.94,0.7,9.7,2021,3
Seoul,14.2,19.5,9.5,1007.9,1018.1,8.4,4.1,54,124.1,163.2,2.6,4.8,52.74,558.28,4.4,15.7,2021,4
Seoul,17.1,21.9,12.8,998.9,1008.9,13.0,10.3,68,183.1,159.1,2.4,5.6,46.25,570.5,8.7,18.8,2021,5
Seoul,22.8,27.6,18.9,997.7,1007.5,19.8,17.2,73,104.6,162.8,2.2,5.6,41.96,563.35,15.9,25.2,2021,6
Seoul,28.1,32.2,24.6,998.1,1007.7,26.4,21.9,71,168.3,181.4,2.0,5.9,43.51,578.3,22.1,29.7,2021,7
Seoul,25.9,29.7,22.8,998.6,1008.2,24.3,20.5,74,211.2,137.0,2.1,7.0,30.24,428.88,20.3,28.2,2021,8
Seoul,22.6,26.9,18.8,1003.4,1013.3,19.0,16.6,71,131.0,146.4,2.3,5.4,48.82,474.13,15.1,24.6,2021,9
Seoul,15.6,20.5,11.6,1011.0,1021.2,13.1,9.6,70,57.0,98.3,2.1,4.7,48.38,353.62,7.6,16.7,2021,10
Seoul,8.2,13.1,4.0,1009.1,1019.6,7.6,2.2,68,62.4,67.8,2.1,4.2,53.57,271.64,-1.2,7.9,2021,11
Seoul,0.6,5.1,-3.5,1014.4,1025.2,4.4,-6.4,62,7.9,53.3,2.3,3.2,62.07,257.25,-7.8,0.8,2021,12
Seoul,-2.2,2.6,-6.2,1014.3,1025.2,3.0,-10.4,55,5.5,55.7,2.2,3.1,67.35,301.7,-11.7,-1.6,2022,1
Seoul,-1.1,3.8,-5.3,1014.9,1025.9,3.3,-9.6,55,4.7,67.1,2.6,3.2,67.33,376.05,-10.3,0.8,2022,2
Seoul,7.7,12.7,3.2,1006.8,1017.3,6.7,0.1,62,102.6,99.2,2.5,5.2,46.64,425.4,-1.7,8.3,2022,3
Seoul,14.8,20.6,10.0,1006.6,1016.8,9.2,4.8,55,20.4,182.6,2.7,4.1,62.35,615.24,3.7,18.1,2022,4
Seoul,19.1,25.0,13.9,1001.9,1011.8,12.0,9.1,55,7.5,234.6,2.6,3.9,68.69,764.61,7.6,25.2,2022,5
Seoul,23.3,27.5,19.8,997.0,1006.8,20.9,17.7,73,393.8,139.8,2.5,6.9,29.83,440.59,16.7,25.8,2022,6
Seoul,27.3,31.0,24.2,995.6,1005.2,27.7,22.7,77,252.3,151.9,2.1,6.9,31.22,508.79,22.1,29.1,2022,7
Seoul,25.7,28.9,23.1,996.8,1006.5,26.6,21.8,80,564.8,123.1,2.3,7.3,28.55,402.81,20.9,26.8,2022,8
Seoul,22.4,27.2,18.2,1003.1,1012.9,18.2,15.6,68,201.5,135.3,2.4,5.1,54.65,496.22,13.6,24.0,2022,9
Seoul,14.6,19.7,10.3,1011.1,1021.4,11.6,8.4,69,124.1,109.0,2.2,4.2,62.02,420.22,4.7,15.7,2022,10
Seoul,10.0,15.4,5.6,1010.7,1021.2,8.2,3.1,65,84.5,77.7,2.1,3.7,61.37,298.77,-0.8,9.5,2022,11
Seoul,-2.8,1.7,-6.6,1014.0,1025.0,3.1,-10.1,59,13.6,48.8,2.3,3.4,65.99,275.5,-11.6,-1.8,2022,12
Seoul,-1.5,3.2,-5.7,1013.7,1024.6,3.8,-8.0,63,47.9,50.7,2.4,3.6,62.16,290.78,-10.5,-1.2,2023,1
Seoul,2.3,7.3,-1.9,1014.8,1025.6,4.3,-5.5,59,1.0,70.0,2.3,3.5,65.52,363.91,-8.3,2.0,2023,2
Seoul,9.8,16.2,4.2,1009.4,1019.8,6.2,-0.8,51,10.5,145.6,2.3,3.4,64.71,520.57,-2.7,9.9,2023,3
Seoul,13.8,19.0,8.8,1004.0,1014.2,9.1,4.6,60,96.9,147.5,2.5,5.4,46.18,498.03,2.6,15.6,2023,4
Seoul,19.5,25.0,14.6,1002.4,1012.4,14.0,11.3,63,155.6,192.0,2.3,5.3,53.57,648.18,9.5,23.2,2023,5
Seoul,23.4,27.9,19.7,996.5,1006.2,20.5,17.7,73,195.6,164.7,2.2,5.7,44.13,572.17,16.6,26.5,2023,6
Seoul,26.7,30.2,23.9,996.9,1006.6,28.0,22.9,81,459.9,141.3,2.1,6.7,32.55,478.8,21.8,28.2,2023,7
Seoul,27.2,30.8,24.3,995.1,1004.8,27.1,22.4,76,298.1,146.4,2.2,6.5,37.03,469.76,22.0,29.2,2023,8
Seoul,23.7,27.6,20.2,1002.5,1012.3,21.2,18.2,74,134.5,130.3,2.0,6.2,42.06,425.79,16.5,25.4,2023,9
Seoul,15.8,21.0,11.5,1008.0,1018.1,11.8,9.0,67,31.0,115.0,1.9,3.7,59.85,416.57,5.8,16.1,2023,10
Seoul,6.8,11.5,2.9,1010.5,1021.1,7.5,0.2,65,81.9,69.1,2.6,3.8,56.23,284.12,-1.8,7.0,2023,11
Seoul,1.1,5.2,-2.5,1013.5,1024.3,5.3,-4.1,69,85.9,40.9,2.4,4.4,49.17,217.32,-7.8,1.0,2023,12
Seoul,-0.5,3.6,-3.9,1014.1,1025.0,4.1,-6.3,67,18.9,50.7,2.3,3.9,57.77,279.71,-8.6,-0.1,2024,1
Seoul,3.8,8.2,0.2,1013.1,1023.8,6.0,-0.9,73,74.7,54.5,2.5,6.0,34.85,259.99,-4.7,3.3,2024,2
Seoul,7.0,12.0,2.4,1007.5,1018.0,5.8,-1.7,57,29.9,106.2,2.7,4.1,54.8,438.18,-3.6,7.4,2024,3
Seoul,16.3,22.4,11.5,1003.5,1013.6,10.2,6.7,56,33.2,162.8,2.4,4.8,52.85,558.15,6.5,17.9,2024,4
Seoul,18.5,23.7,13.8,1002.8,1012.8,13.1,10.5,63,125.1,195.4,2.4,4.2,59.46,686.87,10.6,22.4,2024,5
Seoul,24.6,30.1,19.9,997.3,1007.0,18.2,15.7,61,115.9,198.5,2.2,4.2,64.6,714.52,15.8,30.0,2024,6
Seoul,26.6,29.6,24.1,996.1,1005.7,28.0,22.8,81,557.3,121.3,2.5,7.9,21.48,402.43,22.8,27.5,2024,7
Seoul,29.3,33.3,26.3,996.7,1006.3,29.3,23.6,73,72.8,151.0,2.1,4.9,42.56,507.93,23.7,31.2,2024,8
Seoul,25.5,29.8,22.0,1002.5,1012.2,23.5,19.7,72,143.9,141.4,2.3,5.2,44.79,439.21,19.4,26.2,2024,9
Seoul,16.7,21.4,12.7,1009.2,1019.3,13.1,10.6,70,74.0,105.3,2.0,4.7,47.84,367.11,7.7,17.7,2024,10
Seoul,9.7,14.9,5.5,1010.8,1021.3,7.9,2.3,63,60.0,81.1,2.0,4.0,61.96,293.01,-0.3,8.9,2024,11
Seoul,0.8,5.3,-2.9,1012.2,1023.0,3.8,-7.2,56,5.7,61.1,2.2,2.9,69.07,288.48,-9.5,-0.4,2024,12
Seoul,-0.4,3.9,-4.1,1012.6,1023.5,3.8,-7.5,61,19.5,54.5,2.3,3.8,54.81,273.99,-9.5,-1.1,2025,1
Seoul,-1.2,3.9,-5.3,1012.9,1023.9,3.3,-9.6,56,5.2,71.8,2.6,1.9,73.44,405.31,-10.8,-0.2,2025,2
Seoul,8.2,13.8,3.5,1006.5,1016.9,6.1,-0.9,56,38.2,118.5,2.8,4.7,57.91,457.39,-2.2,7.8,2025,3
Incheon,-0.8,2.8,-3.9,1015.8,1024.9,4.4,-5.4,72,10.3,43.6,3.5,3.9,66.75,228.66,-7.8,-0.1,2015,1
Incheon,1.2,4.9,-1.9,1013.4,1022.5,5.3,-3.0,75,22.8,47.6,3.5,4.3,64.63,259.36,-5.5,2.0,2015,2
Incheon,5.4,10.0,1.5,1012.8,1021.7,6.5,-0.4,69,10.0,104.1,3.4,2.9,73.1,427.25,-3.6,6.9,2015,3
Incheon,12.5,16.7,8.9,1007.4,1016.0,10.4,6.9,72,53.7,115.2,3.5,5.0,53.32,426.77,5.0,14.0,2015,4
Incheon,17.0,21.5,13.3,1001.5,1009.8,14.9,12.4,78,30.1,167.7,2.9,4.2,66.14,580.22,8.7,21.0,2015,5
Incheon,21.8,26.0,18.4,998.9,1007.0,21.8,18.6,84,63.6,164.0,2.6,5.7,60.87,548.37,14.7,26.1,2015,6
Incheon,24.5,27.9,22.0,998.6,1006.7,28.1,22.7,91,175.8,147.1,3.0,6.9,42.79,440.94,20.0,27.0,2015,7
Incheon,25.8,29.3,23.2,1000.4,1008.5,30.8,24.4,93,45.5,145.7,2.8,5.7,54.36,465.89,20.4,26.8,2015,8
Incheon,22.5,26.7,18.7,1005.9,1014.1,20.1,17.1,75,13.5,179.2,2.7,3.8,71.81,443.85,13.8,25.4,2015,9
Incheon,16.0,19.8,12.5,1010.1,1018.6,14.3,11.3,76,87.0,110.1,3.1,3.0,69.04,340.46,7.8,16.8,2015,10
Incheon,9.4,12.3,6.9,1014.7,1023.5,10.5,7.0,86,107.7,51.1,3.3,7.0,37.41,163.79,4.3,9.7,2015,11
Incheon,2.4,5.7,-0.7,1016.7,1025.7,5.4,-2.5,72,32.0,45.5,3.3,4.5,62.01,188.75,-4.5,2.3,2015,12
Incheon,-2.2,1.1,-5.1,1016.6,1025.7,3.8,-7.9,67,2.8,52.1,3.5,4.3,64.97,237.61,-8.9,-0.4,2016,1
Incheon,0.9,4.6,-2.5,1015.4,1024.5,4.6,-5.3,66,43.1,65.5,3.7,3.7,65.22,279.51,-6.7,1.6,2016,2
Incheon,6.4,10.5,3.0,1013.0,1021.8,7.0,0.9,71,44.1,95.6,3.3,3.8,68.01,425.19,-1.5,8.7,2016,3
Incheon,12.7,17.7,9.0,1005.1,1013.7,10.6,7.5,75,80.8,124.8,3.1,5.2,53.19,433.45,4.7,15.7,2016,4
Incheon,18.3,23.0,14.4,1003.3,1011.6,15.5,13.1,76,148.5,175.3,3.2,4.9,63.94,555.43,10.5,20.7,2016,5
Incheon,22.1,25.8,19.0,999.6,1007.8,23.2,19.7,88,19.5,153.7,2.6,5.7,55.73,527.53,16.3,27.1,2016,6
Incheon,25.2,28.2,22.9,999.6,1007.7,30.1,24.0,94,300.5,105.9,2.7,7.2,41.11,439.36,21.2,27.2,2016,7
Incheon,27.4,30.9,24.6,997.9,1005.9,31.7,24.5,86,26.5,141.4,2.7,4.9,62.55,501.24,21.9,30.9,2016,8
Incheon,22.9,26.7,19.8,1005.1,1013.3,23.8,20.0,85,34.5,103.7,2.4,6.0,57.58,381.0,16.3,24.7,2016,9
Incheon,16.2,20.1,12.6,1010.9,1019.4,14.5,11.3,75,78.7,92.6,3.1,5.7,55.11,297.78,8.9,16.2,2016,10
Incheon,7.4,11.0,4.0,1014.5,1023.3,6.9,-0.2,61,18.2,74.6,3.4,4.9,57.26,220.37,0.4,6.3,2016,11
Incheon,2.2,5.6,-1.2,1016.1,1025.1,4.8,-4.5,63,67.1,53.8,3.4,4.8,57.42,192.96,-4.5,1.4,2016,12
Incheon,-0.9,2.8,-4.1,1016.7,1025.9,3.7,-8.2,60,20.6,54.1,3.4,3.5,70.07,243.88,-8.3,-0.2,2017,1
Incheon,0.2,3.9,-3.1,1014.8,1023.8,3.8,-7.2,59,16.2,62.4,3.8,2.9,71.44,294.96,-6.8,0.3,2017,2
Incheon,5.8,10.3,2.5,1011.1,1020.0,5.6,-1.8,61,9.7,100.1,3.1,3.9,70.05,435.76,-3.2,6.4,2017,3
Incheon,12.4,16.8,9.1,1004.7,1012.9,9.0,4.8,64,57.0,136.4,3.3,4.3,65.37,483.55,5.7,13.7,2017,4
Incheon,17.6,22.3,14.0,1004.1,1012.1,13.0,10.5,66,21.6,167.7,2.9,3.7,70.96,586.76,9.9,21.6,2017,5
Incheon,21.7,25.7,18.5,1000.4,1008.2,17.5,15.0,69,49.3,178.1,2.8,4.8,64.89,578.01,15.6,26.2,2017,6
Incheon,25.8,28.6,23.8,999.3,1007.1,28.3,23.1,86,478.3,110.7,2.6,7.7,31.7,386.13,22.5,27.5,2017,7
Incheon,25.4,28.3,23.1,999.4,1007.1,24.9,20.6,76,250.5,131.3,2.9,6.9,44.05,393.61,20.7,26.4,2017,8
Incheon,21.9,25.5,18.5,1004.9,1012.8,17.5,15.0,67,21.6,142.2,2.8,4.2,68.68,411.43,14.3,22.7,2017,9
Incheon,15.7,19.9,12.1,1012.7,1020.8,11.5,8.1,63,21.8,100.0,3.0,4.5,60.53,232.69,7.2,16.6,2017,10
Incheon,5.9,9.9,2.3,1014.4,1022.9,6.2,-1.8,60,42.2,65.7,3.4,3.9,64.83,169.03,-2.6,6.5,2017,11
Incheon,-1.3,2.1,-4.7,1017.1,1025.8,3.8,-8.3,61,40.1,46.1,3.6,3.7,70.27,157.75,-8.4,-0.9,2017,12
Incheon,-3.8,-0.6,-6.6,1015.7,1024.5,2.9,-11.7,56,4.5,42.8,3.5,4.3,67.89,168.8,-9.5,-2.5,2018,1
Incheon,-1.8,2.0,-5.2,1015.0,1023.7,3.1,-10.6,54,27.0,56.1,3.6,3.9,72.41,237.67,-8.7,-0.8,2018,2
Incheon,6.9,11.1,3.5,1011.9,1020.4,7.2,1.2,71,78.6,95.1,3.3,5.5,55.19,440.44,-0.1,7.7,2018,3
Incheon,11.9,16.3,8.2,1007.3,1015.6,8.9,4.3,64,112.2,137.4,3.4,4.9,55.97,515.49,3.9,12.4,2018,4
Incheon,17.0,21.1,13.3,1003.2,1011.3,13.7,11.1,72,158.9,155.0,3.0,5.6,50.47,566.66,10.0,18.4,2018,5
Incheon,21.2,25.4,18.0,999.8,1007.8,18.9,16.4,76,144.0,157.8,2.3,6.4,50.87,603.83,15.2,24.5,2018,6
Incheon,26.6,30.2,23.7,1000.7,1008.5,26.5,21.8,77,148.8,188.2,2.6,4.9,62.27,636.55,21.4,30.0,2018,7
Incheon,28.1,31.5,25.2,999.2,1007.0,27.1,22.2,73,214.9,193.7,3.0,5.7,60.66,571.02,22.9,32.8,2018,8
Incheon,21.6,25.0,18.5,1005.2,1013.1,16.7,14.1,65,46.1,157.8,3.0,5.2,58.75,458.46,14.9,22.4,2018,9
Incheon,13.8,17.7,10.4,1010.6,1018.8,9.7,5.9,61,116.2,122.6,2.9,3.8,73.8,408.47,5.8,13.8,2018,10
Incheon,8.5,12.1,5.3,1015.1,1023.6,7.3,1.1,63,66.6,77.9,2.6,4.2,62.94,269.32,1.3,7.1,2018,11
Incheon,-0.2,3.4,-3.5,1018.9,1027.7,3.6,-9.4,52,16.6,66.1,3.6,3.9,70.78,259.01,-6.2,-0.4,2018,12
Incheon,-0.5,3.3,-3.8,1017.6,1026.4,3.4,-9.2,55,0.7,65.9,3.0,3.1,71.81,291.36,-9.0,-1.3,2019,1
Incheon,0.8,4.8,-2.5,1015.9,1024.6,3.8,-7.8,56,26.6,68.3,2.9,5.0,65.49,328.69,-6.6,1.0,2019,2
Incheon,6.4,10.5,3.2,1008.8,1017.3,6.0,-0.9,63,28.4,104.5,3.3,4.9,60.59,453.57,-0.9,7.2,2019,3
Incheon,11.3,15.7,7.8,1006.9,1015.2,8.4,3.5,63,41.1,134.4,2.9,5.2,56.51,511.07,3.7,12.7,2019,4
Incheon,17.6,22.3,13.8,1003.7,1011.7,12.2,9.3,61,33.2,199.8,3.0,3.9,70.18,713.07,9.7,21.7,2019,5
Incheon,21.3,25.2,18.3,999.2,1007.2,18.1,15.7,73,49.7,171.4,2.6,5.5,57.37,626.58,15.3,25.3,2019,6
Incheon,25.0,28.1,22.4,998.1,1005.9,24.8,20.6,80,220.8,149.3,2.9,7.2,40.16,493.32,20.5,27.5,2019,7
Incheon,26.9,30.3,24.0,998.8,1006.6,26.0,21.5,74,143.7,183.2,2.7,5.6,66.18,585.4,21.9,28.2,2019,8
Incheon,22.5,26.0,19.5,1006.5,1014.4,19.5,16.6,71,229.0,130.6,2.8,6.6,45.14,383.89,16.9,22.6,2019,9
Incheon,16.8,20.8,13.0,1010.6,1018.8,12.7,9.8,65,31.9,122.3,2.8,4.3,69.55,390.86,8.5,16.7,2019,10
Incheon,8.2,12.3,4.4,1014.2,1022.6,6.8,0.0,59,89.4,83.9,3.0,4.2,67.14,281.41,0.2,7.6,2019,11
Incheon,2.0,5.4,-1.6,1016.9,1025.7,4.7,-4.7,62,25.0,56.7,3.4,4.5,56.47,220.73,-5.5,1.5,2019,12
Incheon,1.8,5.0,-0.8,1014.9,1023.5,4.5,-4.9,63,48.6,60.1,3.0,5.0,63.35,260.57,-4.1,1.2,2020,1
Incheon,2.5,6.2,-0.6,1016.1,1024.8,5.0,-3.9,65,49.7,65.0,3.1,4.6,63.98,319.64,-4.4,2.7,2020,2
Incheon,7.1,11.2,3.3,1009.3,1017.8,5.7,-1.8,57,10.7,130.9,3.6,3.8,73.16,522.86,-0.8,7.5,2020,3
Incheon,10.4,14.3,7.1,1008.8,1017.1,7.1,1.2,57,13.8,169.1,3.9,2.9,80.06,647.34,2.8,13.3,2020,4
Incheon,16.7,20.7,13.5,1002.0,1010.0,13.2,10.6,71,101.2,148.2,2.7,6.6,48.31,555.06,10.8,18.9,2020,5
Incheon,21.8,25.8,18.7,998.2,1006.1,19.7,17.1,77,100.2,161.8,2.6,6.1,53.95,598.68,16.9,25.0,2020,6
Incheon,23.2,26.2,20.8,998.6,1006.4,22.4,19.2,80,243.5,137.2,2.7,7.5,38.72,480.6,19.1,24.6,2020,7
Incheon,25.9,28.1,24.2,1000.2,1008.0,27.6,22.7,84,486.4,116.8,3.1,8.1,30.87,382.07,23.0,27.2,2020,8
Incheon,21.3,24.6,18.5,1003.9,1011.8,17.6,15.1,69,167.7,145.4,3.3,5.7,59.19,450.89,15.6,21.8,2020,9
Incheon,14.8,18.4,11.1,1012.4,1020.6,9.9,6.0,58,1.9,133.6,2.8,4.1,72.06,408.84,6.5,15.2,2020,10
Incheon,8.3,11.8,5.1,1016.5,1024.9,7.4,0.8,62,81.6,79.0,3.1,4.2,61.05,263.68,1.4,7.6,2020,11
Incheon,0.2,3.6,-3.0,1017.9,1026.7,3.8,-8.0,56,6.6,61.7,3.2,3.5,73.95,264.22,-6.3,-0.1,2020,12
Incheon,-2.0,1.8,-5.9,1015.9,1024.7,3.3,-10.6,55,20.8,58.4,3.4,4.1,64.84,269.39,-8.7,-1.7,2021,1
Incheon,2.1,6.3,-2.0,1012.8,1021.5,4.4,-6.5,57,6.6,76.9,3.6,4.0,65.14,334.51,-4.9,2.3,2021,2
Incheon,7.7,12.3,4.2,1011.3,1019.7,6.7,0.9,65,93.4,101.4,2.8,4.9,61.51,455.93,1.4,8.6,2021,3
Incheon,13.2,17.3,9.6,1009.9,1018.1,7.9,3.1,55,116.9,162.9,3.2,4.9,59.14,547.8,6.0,14.5,2021,4
Incheon,16.2,20.2,12.7,1000.8,1008.9,11.8,8.9,66,191.5,162.2,3.0,5.6,54.56,571.02,10.1,17.9,2021,5
Incheon,21.6,25.3,18.6,999.6,1007.5,17.4,15.2,69,45.4,167.8,2.4,6.0,52.71,580.67,16.6,24.6,2021,6
Incheon,27.2,30.4,24.6,1000.0,1007.8,23.1,19.7,65,84.2,200.6,2.2,5.6,60.25,623.39,22.0,31.1,2021,7
Incheon,25.5,28.6,22.9,1000.4,1008.3,21.7,18.6,68,269.0,158.1,2.5,6.7,44.22,461.24,20.8,28.3,2021,8
Incheon,22.7,26.1,19.6,1005.3,1013.2,17.0,14.8,63,125.8,159.3,2.8,5.5,56.58,445.86,17.0,23.1,2021,9
Incheon,16.0,19.6,12.5,1013.0,1021.2,12.1,8.1,62,31.6,116.3,2.6,4.7,57.77,354.86,9.3,16.3,2021,10
Incheon,8.8,12.6,5.3,1011.2,1019.6,7.4,1.8,63,79.0,76.5,2.9,4.3,59.17,253.12,0.9,7.9,2021,11
Incheon,1.3,5.1,-2.3,1016.5,1025.2,4.1,-7.1,56,7.6,64.0,3.3,3.1,64.38,248.45,-5.7,0.6,2021,12
Incheon,-2.2,1.7,-5.6,1016.4,1025.3,2.9,-10.5,54,4.4,59.6,2.9,3.2,69.39,306.16,-10.3,-1.9,2022,1
Incheon,-1.3,2.4,-4.5,1017.2,1026.0,3.4,-9.2,57,2.7,65.6,3.3,2.9,71.19,371.2,-8.5,-0.5,2022,2
Incheon,6.7,10.8,3.3,1008.9,1017.4,6.5,-0.1,65,84.6,93.7,3.0,5.2,48.58,426.06,-0.5,7.0,2022,3
Incheon,12.9,17.3,9.4,1008.8,1017.0,9.1,4.8,61,21.1,160.4,3.0,4.2,62.94,616.66,5.6,15.7,2022,4
Incheon,17.1,21.4,13.5,1004.2,1012.3,11.9,8.9,62,5.4,200.1,2.9,4.0,68.58,738.78,9.1,23.2,2022,5
Incheon,21.9,25.4,19.2,999.0,1006.9,20.1,17.2,77,286.0,135.0,3.0,7.2,33.05,475.95,16.9,25.9,2022,6
Incheon,26.2,29.5,23.8,997.6,1005.4,26.5,22.0,79,215.2,166.8,2.5,6.6,44.26,610.83,22.3,29.6,2022,7
Incheon,24.9,27.3,22.7,998.8,1006.6,26.0,21.4,82,635.9,131.6,2.8,7.0,35.0,461.63,21.2,27.0,2022,8
Incheon,22.0,26.0,18.7,1005.2,1013.1,18.1,15.6,69,167.8,134.0,2.6,5.4,55.83,494.58,15.1,22.8,2022,9
Incheon,14.4,18.4,10.9,1013.4,1021.6,11.2,7.7,67,102.1,116.9,2.6,4.1,66.39,430.67,6.6,15.0,2022,10
Incheon,10.2,14.4,6.5,1013.0,1021.4,8.3,3.1,64,81.3,81.2,2.7,4.0,61.81,297.93,1.8,9.7,2022,11
Incheon,-2.6,0.9,-6.0,1016.4,1025.2,3.1,-10.4,56,14.0,53.1,3.0,3.6,64.39,266.23,-9.1,-0.9,2022,12
Incheon,-1.6,2.2,-5.1,1016.1,1024.9,3.7,-8.4,62,47.2,52.4,2.9,3.6,63.38,289.63,-8.7,-0.7,2023,1
Incheon,1.6,5.4,-1.6,1017.3,1026.1,4.3,-5.4,62,0.5,69.2,2.8,3.5,67.02,360.08,-6.8,2.0,2023,2
Incheon,8.1,13.0,4.0,1011.9,1020.4,6.2,-0.8,57,10.0,130.3,2.9,3.9,64.18,511.69,-0.5,9.3,2023,3
Incheon,12.7,17.0,8.8,1006.4,1014.7,8.5,3.6,61,70.4,147.5,3.1,5.3,47.9,510.58,4.9,14.5,2023,4
Incheon,18.0,22.4,14.5,1004.8,1012.9,13.8,11.1,67,133.8,167.2,2.4,5.4,52.29,623.8,10.3,20.3,2023,5
Incheon,21.8,25.4,19.0,998.9,1006.8,20.0,17.3,77,116.2,157.6,2.2,5.7,52.07,626.15,16.4,25.1,2023,6
Incheon,25.7,28.4,23.4,999.1,1007.0,27.4,22.6,84,370.8,142.2,2.4,6.7,40.7,527.89,21.9,27.6,2023,7
Incheon,26.6,29.7,24.2,997.5,1005.2,27.5,22.6,80,297.5,150.0,2.1,6.2,45.07,529.55,22.2,28.0,2023,8
Incheon,23.5,26.7,20.8,1004.9,1012.8,21.6,18.5,75,129.2,123.0,1.6,6.1,45.13,433.43,17.7,24.7,2023,9
Incheon,16.3,20.1,12.9,1010.4,1018.6,12.2,9.3,65,16.8,122.1,2.3,3.7,64.35,427.05,7.6,17.2,2023,10
Incheon,6.9,10.7,3.4,1013.1,1021.6,7.7,0.6,66,63.1,68.9,3.3,4.2,51.26,269.37,-0.3,8.1,2023,11
Incheon,1.2,4.5,-2.0,1016.0,1024.7,5.2,-4.0,69,75.9,45.6,3.0,4.6,46.82,215.72,-5.8,2.3,2023,12
Incheon,-0.6,2.7,-3.6,1016.8,1025.6,4.1,-6.3,67,16.3,50.9,3.0,4.0,56.12,271.29,-7.3,0.4,2024,1
Incheon,3.3,6.9,0.2,1015.7,1024.3,5.9,-1.1,74,63.8,54.8,2.9,5.8,42.72,279.37,-3.1,3.7,2024,2
Incheon,6.3,10.5,2.6,1009.9,1018.4,6.1,-1.0,62,19.2,109.0,3.3,4.0,59.26,492.39,-1.4,7.4,2024,3
Incheon,14.6,19.6,10.7,1005.6,1013.8,10.4,7.1,64,35.3,141.4,2.4,5.0,55.08,561.21,6.7,16.3,2024,4
Incheon,16.9,20.9,13.3,1005.0,1013.1,13.7,11.4,73,122.6,166.2,2.6,4.5,59.67,675.22,10.1,19.6,2024,5
Incheon,22.7,26.7,19.6,999.7,1007.6,19.4,16.7,71,101.8,174.4,2.4,4.1,69.29,741.25,16.3,27.6,2024,6
Incheon,25.7,28.3,23.6,998.3,1006.1,28.5,23.2,87,342.9,120.9,3.0,7.7,27.96,455.02,22.3,27.2,2024,7
Incheon,28.8,32.2,26.3,999.2,1006.9,30.5,24.3,78,86.7,167.4,2.2,4.4,56.62,618.19,23.9,30.8,2024,8
Incheon,25.4,28.9,22.3,1004.9,1012.8,24.5,20.4,75,122.9,137.8,2.3,5.4,49.23,459.97,20.2,26.8,2024,9
Incheon,17.0,20.9,13.5,1011.7,1019.9,13.4,11.0,70,82.1,107.4,2.2,4.5,51.96,374.1,10.3,17.6,2024,10
Incheon,9.9,14.1,6.3,1013.5,1022.0,8.1,2.6,63,62.2,85.8,2.6,3.9,58.83,288.86,3.9,9.5,2024,11
Incheon,0.9,4.5,-2.3,1015.0,1023.8,3.9,-7.0,57,5.0,61.9,2.8,3.0,65.08,275.55,-5.1,1.2,2024,12
Incheon,-0.6,2.7,-3.7,1015.4,1024.2,3.8,-7.3,63,19.6,53.1,2.8,3.7,54.32,266.06,-6.6,0.0,2025,1
Incheon,-1.4,2.6,-4.8,1015.9,1024.8,3.5,-8.8,60,3.5,66.8,3.2,1.9,74.5,399.85,-7.3,0.0,2025,2
Incheon,6.8,11.6,3.0,1009.4,1017.8,6.2,-0.6,63,26.5,108.3,3.3,4.5,59.49,462.79,1.0,7.5,2025,3
Daejeon,0.0,5.0,-4.4,1016.3,1025.0,4.6,-4.7,73,31.5,32.0,1.3,4.5,53.37,278.88,-8.7,0.5,2015,1
Daejeon,1.9,7.2,-2.4,1014.1,1022.8,4.8,-4.3,66,27.0,40.6,1.7,5.0,55.31,330.1,-6.5,2.4,2015,2
Daejeon,7.2,14.3,0.6,1013.2,1021.7,5.2,-3.6,51,44.7,90.0,1.7,3.0,71.29,568.51,-4.2,9.1,2015,3
Daejeon,13.3,19.3,7.8,1007.9,1016.2,10.0,6.2,68,95.2,83.6,1.9,5.6,45.58,492.2,4.3,14.8,2015,4
Daejeon,19.5,26.0,13.0,1002.0,1010.0,13.0,10.1,60,28.9,153.2,1.6,4.0,68.03,769.22,8.8,23.1,2015,5
Daejeon,23.4,28.9,18.5,999.1,1007.0,18.9,16.3,68,119.8,143.0,1.5,6.3,50.26,643.91,15.1,28.1,2015,6
Daejeon,25.4,29.5,22.1,999.2,1007.0,25.9,21.4,80,145.6,113.7,1.8,6.8,42.4,555.59,20.6,28.5,2015,7
Daejeon,26.4,31.2,22.6,1000.8,1008.6,25.8,21.5,76,51.6,129.2,1.5,5.4,54.48,598.8,20.5,30.6,2015,8
Daejeon,21.7,27.7,16.5,1006.2,1014.2,17.3,15.0,69,18.5,114.1,1.6,4.1,64.75,547.91,12.7,25.5,2015,9
Daejeon,15.5,22.0,10.1,1010.8,1019.1,12.3,9.5,71,94.1,76.8,1.4,2.8,71.24,460.07,5.3,16.4,2015,10
Daejeon,10.1,13.8,6.9,1015.0,1023.4,10.5,7.1,83,126.1,23.3,1.3,7.4,24.18,183.98,3.7,10.5,2015,11
Daejeon,3.1,7.9,-0.8,1017.2,1025.8,5.8,-1.3,75,39.7,26.3,1.2,5.4,46.6,229.13,-6.1,3.5,2015,12
Daejeon,-1.3,3.6,-5.4,1016.9,1025.7,4.0,-6.7,69,11.6,25.9,1.3,5.1,58.44,282.85,-10.4,0.1,2016,1
Daejeon,1.5,7.0,-3.3,1016.2,1024.9,4.4,-5.8,62,45.8,51.4,1.7,4.2,62.04,359.78,-8.8,2.2,2016,2
Daejeon,7.5,14.1,1.6,1013.4,1021.9,6.0,-1.5,58,40.3,78.8,1.5,3.7,64.16,537.44,-4.5,9.1,2016,3
Daejeon,14.8,21.5,8.9,1005.6,1013.8,10.0,6.4,63,154.9,109.7,1.7,5.1,55.73,587.62,4.7,16.8,2016,4
Daejeon,19.8,26.4,13.5,1003.9,1011.9,13.5,11.0,62,85.1,143.7,1.7,4.4,66.1,759.29,9.7,23.5,2016,5
Daejeon,23.7,28.7,19.2,1000.0,1007.8,20.7,17.8,72,62.5,135.4,1.6,5.5,50.69,643.42,16.0,28.8,2016,6
Daejeon,26.6,30.7,23.1,1000.2,1008.0,27.7,22.7,81,367.9,155.8,1.6,6.8,45.55,578.85,21.8,31.0,2016,7
Daejeon,27.9,33.2,23.5,998.2,1005.9,26.5,21.8,72,57.4,185.8,1.4,4.8,61.11,633.3,21.9,33.6,2016,8
Daejeon,22.4,26.6,19.0,1005.5,1013.4,21.3,18.3,79,196.0,107.7,1.3,6.6,39.43,415.88,17.7,24.5,2016,9
Daejeon,15.7,20.6,12.0,1011.2,1019.4,14.4,11.7,79,122.6,86.9,1.4,6.3,42.95,351.9,8.7,17.1,2016,10
Daejeon,7.2,12.8,2.4,1015.1,1023.6,7.7,2.0,72,29.5,62.5,1.2,4.7,58.3,296.47,-1.7,7.8,2016,11
Daejeon,2.5,7.6,-2.0,1016.7,1025.4,5.4,-2.7,71,54.8,46.7,1.3,4.9,52.82,250.29,-6.4,3.0,2016,12
Daejeon,-0.4,5.0,-5.1,1017.2,1026.0,4.2,-6.2,67,15.0,51.6,1.5,4.2,61.64,317.33,-9.7,0.6,2017,1
Daejeon,1.2,7.2,-4.2,1015.2,1023.9,4.1,-6.3,61,42.0,71.5,1.6,3.7,70.04,397.95,-8.6,2.9,2017,2
Daejeon,6.8,13.4,0.9,1011.5,1020.0,5.1,-3.1,54,11.6,121.0,1.6,4.3,66.68,550.58,-3.7,9.5,2017,3
Daejeon,14.5,21.1,8.5,1005.3,1013.4,9.0,4.6,57,77.7,174.2,1.9,4.1,68.08,649.01,4.6,17.3,2017,4
Daejeon,19.6,26.3,13.5,1004.7,1012.7,13.0,10.4,60,29.3,210.6,1.8,3.7,69.27,761.27,9.4,25.3,2017,5
Daejeon,23.3,29.4,17.8,1000.8,1008.7,17.2,14.6,62,35.3,208.7,1.7,4.9,63.04,730.94,14.7,29.8,2017,6
Daejeon,27.1,30.7,24.2,1000.1,1007.9,30.7,24.4,87,434.5,129.7,1.7,7.4,32.78,486.61,23.0,29.7,2017,7
Daejeon,26.0,30.1,22.6,999.9,1007.7,27.7,22.4,83,293.8,147.4,1.5,6.3,46.42,553.0,21.4,28.9,2017,8
Daejeon,21.1,26.3,16.5,1005.3,1013.3,19.0,16.4,77,111.4,137.2,1.4,4.5,60.11,537.02,13.1,24.1,2017,9
Daejeon,15.4,20.8,10.9,1012.8,1021.0,13.6,10.8,76,28.3,98.1,1.2,4.8,54.77,406.7,6.5,17.2,2017,10
Daejeon,6.4,12.3,1.0,1015.0,1023.6,6.8,0.2,68,15.1,68.4,1.4,3.4,63.43,321.62,-3.9,7.5,2017,11
Daejeon,-0.4,4.7,-4.9,1017.7,1026.5,4.1,-6.5,66,33.5,42.7,1.4,4.5,60.07,242.01,-8.3,0.5,2017,12
Daejeon,-2.5,2.4,-6.6,1016.1,1024.9,3.6,-8.5,66,23.9,34.9,1.3,4.8,58.04,206.12,-9.4,-0.7,2018,1
Daejeon,-0.4,5.6,-5.7,1015.4,1024.2,3.2,-9.9,53,40.5,50.5,1.6,4.0,66.73,239.65,-9.5,0.9,2018,2
Daejeon,8.7,14.9,3.1,1012.1,1020.6,7.9,2.8,70,108.4,105.1,1.8,4.5,54.61,491.91,0.5,9.4,2018,3
Daejeon,13.9,20.3,7.8,1007.8,1016.0,9.8,5.8,64,155.3,141.4,2.0,4.5,59.42,523.88,4.5,15.1,2018,4
Daejeon,19.2,24.7,14.0,1003.7,1011.7,15.6,12.8,70,95.9,172.9,1.8,5.6,51.78,665.57,10.3,21.4,2018,5
Daejeon,23.6,29.1,18.8,1000.2,1008.1,19.3,16.6,68,115.8,190.6,1.7,5.6,53.05,683.76,15.4,29.1,2018,6
Daejeon,27.9,32.4,24.0,1001.0,1008.8,28.3,23.0,76,226.9,186.7,1.5,4.9,57.21,666.2,22.0,32.1,2018,7
Daejeon,29.0,33.7,25.0,999.7,1007.4,28.1,22.8,72,408.6,189.1,1.9,5.7,52.59,599.59,23.2,35.1,2018,8
Daejeon,21.2,25.7,17.3,1005.6,1013.5,19.0,16.3,76,149.4,132.3,1.6,5.5,52.75,492.13,14.4,23.0,2018,9
Daejeon,13.0,18.9,8.2,1011.1,1019.4,11.3,8.3,76,133.9,100.2,1.2,3.9,64.15,443.03,4.0,14.6,2018,10
Daejeon,8.0,14.1,3.2,1015.6,1024.1,7.8,2.7,72,49.8,62.1,0.9,4.2,57.48,297.3,-1.4,8.1,2018,11
Daejeon,0.6,5.8,-3.9,1019.3,1028.0,4.5,-6.1,64,33.7,49.1,1.2,4.3,63.05,279.97,-7.5,1.1,2018,12
Daejeon,0.0,5.7,-4.8,1018.1,1026.9,3.7,-7.5,60,1.7,56.9,1.2,3.6,66.87,317.39,-8.9,-0.3,2019,1
Daejeon,2.0,7.8,-2.9,1016.1,1024.8,4.3,-5.8,60,46.3,64.5,1.3,5.3,61.54,356.73,-6.1,2.7,2019,2
Daejeon,7.7,14.0,2.1,1009.5,1017.9,6.1,-0.6,60,33.7,107.7,1.6,5.1,58.48,488.53,-1.4,8.4,2019,3
Daejeon,12.9,18.9,7.2,1007.2,1015.5,9.1,4.1,61,91.6,138.5,1.6,5.5,51.44,548.21,4.1,15.5,2019,4
Daejeon,19.7,26.7,12.9,1004.3,1012.3,12.3,9.3,56,35.6,216.5,1.8,4.0,70.4,759.89,8.5,24.2,2019,5
Daejeon,22.6,27.9,17.9,999.4,1007.4,19.2,16.6,72,77.9,176.5,1.3,5.6,52.19,671.8,14.6,27.1,2019,6
Daejeon,25.8,29.9,22.4,998.6,1006.6,26.0,21.5,79,199.0,157.8,1.6,7.0,40.78,566.06,20.0,28.5,2019,7
Daejeon,27.2,31.6,23.6,999.3,1007.2,27.9,22.7,78,104.3,164.8,1.3,5.9,54.86,601.3,20.9,29.8,2019,8
Daejeon,22.5,26.8,18.9,1006.8,1014.9,22.1,18.7,81,167.0,110.7,1.3,6.6,41.06,430.36,16.3,24.4,2019,9
Daejeon,16.2,21.5,11.6,1011.0,1019.3,14.0,11.5,76,106.1,101.3,1.1,4.8,59.15,424.26,7.1,17.7,2019,10
Daejeon,8.7,15.2,3.4,1014.6,1023.3,8.2,3.2,72,94.0,66.0,1.0,4.3,63.58,320.6,-2.0,9.4,2019,11
Daejeon,2.6,7.9,-1.8,1017.6,1026.4,5.3,-2.9,70,27.0,47.0,1.1,4.5,55.14,258.97,-7.3,2.9,2019,12
Daejeon,2.7,7.8,-1.2,1015.1,1024.0,5.2,-2.9,69,78.5,50.2,1.2,6.0,47.76,266.0,-6.2,2.7,2020,1
Daejeon,3.6,9.3,-1.2,1016.6,1025.4,5.6,-2.5,68,91.2,66.6,1.3,4.8,58.62,360.98,-6.4,4.6,2020,2
Daejeon,8.5,15.0,2.3,1009.8,1018.4,6.2,-0.8,56,24.4,130.8,1.6,3.6,69.45,570.79,-3.3,10.1,2020,3
Daejeon,11.5,18.7,5.2,1009.4,1017.9,6.8,0.5,51,17.8,184.6,2.0,3.0,76.41,711.35,-0.2,15.4,2020,4
Daejeon,18.8,24.4,13.9,1002.5,1010.6,14.9,12.4,71,80.4,173.7,1.6,6.1,54.8,677.69,11.1,22.1,2020,5
Daejeon,24.1,29.0,20.0,998.5,1006.5,22.3,19.0,76,192.5,166.9,1.4,6.2,49.54,609.37,17.9,28.0,2020,6
Daejeon,23.6,27.2,20.7,999.0,1006.9,25.4,21.2,88,544.9,108.9,1.4,8.4,21.54,428.51,19.6,25.6,2020,7
Daejeon,27.5,31.5,24.6,1001.1,1009.0,31.3,24.8,87,361.6,134.7,1.5,6.9,42.21,498.2,23.5,29.1,2020,8
Daejeon,21.2,25.9,17.4,1004.2,1012.3,20.1,17.3,80,173.6,119.5,1.4,5.9,52.74,481.31,15.1,23.5,2020,9
Daejeon,14.2,20.6,8.9,1012.8,1021.2,11.4,8.3,70,3.2,99.7,1.3,4.2,66.42,404.05,4.1,16.8,2020,10
Daejeon,8.6,14.4,3.8,1017.0,1025.6,8.0,2.4,69,41.8,61.4,1.3,4.6,60.32,259.68,-0.2,8.9,2020,11
Daejeon,0.5,6.1,-3.8,1018.5,1027.4,4.2,-5.9,65,4.1,45.7,1.3,4.1,63.85,255.33,-8.4,0.5,2020,12
Daejeon,-1.0,4.6,-6.0,1016.6,1025.5,4.2,-6.9,67,23.6,43.9,1.4,4.6,58.46,263.22,-9.3,0.0,2021,1
Daejeon,4.0,10.0,-1.6,1013.4,1022.2,4.9,-4.4,58,14.1,72.9,1.8,4.0,67.48,346.85,-5.1,3.8,2021,2
Daejeon,9.6,15.9,4.0,1011.7,1020.2,7.4,2.2,65,95.2,105.7,1.5,5.3,57.92,449.53,0.2,9.7,2021,3
Daejeon,14.7,20.9,8.9,1010.3,1018.7,8.7,4.4,55,47.4,151.9,1.9,5.1,59.95,553.13,5.1,16.4,2021,4
Daejeon,17.7,23.1,12.8,1001.6,1009.8,14.3,11.7,72,134.2,138.1,1.6,5.8,47.92,526.04,9.8,19.8,2021,5
Daejeon,23.5,28.5,19.1,1000.1,1008.1,21.5,18.5,76,105.9,148.9,1.5,6.0,49.7,565.42,16.4,25.7,2021,6
Daejeon,27.8,32.3,24.0,1000.5,1008.4,28.8,23.4,79,151.8,165.0,1.6,6.4,55.7,590.14,21.7,30.8,2021,7
Daejeon,25.8,29.9,22.6,1001.0,1008.9,27.4,22.5,84,289.2,113.8,1.3,7.6,37.67,421.52,21.0,27.7,2021,8
Daejeon,22.4,26.8,18.9,1005.8,1013.9,21.8,18.8,81,161.2,108.5,1.8,6.2,46.54,401.14,16.3,23.9,2021,9
Daejeon,15.7,21.9,10.8,1013.5,1021.9,14.7,11.5,79,40.8,90.8,1.2,4.0,62.44,383.07,7.5,16.6,2021,10
Daejeon,8.9,14.9,4.0,1012.0,1020.6,8.7,4.4,76,41.7,58.7,1.2,4.1,60.5,263.73,-0.7,8.4,2021,11
Daejeon,1.9,7.6,-3.0,1017.1,1026.0,5.2,-3.4,70,4.4,45.5,1.5,4.1,58.92,241.28,-7.5,1.7,2021,12
Daejeon,-0.8,5.2,-5.9,1016.7,1025.6,3.1,-9.7,54,1.2,61.4,1.8,3.6,67.02,318.31,-8.7,-0.9,2022,1
Daejeon,0.1,6.1,-5.2,1017.6,1026.5,3.0,-10.2,49,1.4,77.6,2.2,3.7,68.18,384.48,-8.1,1.5,2022,2
Daejeon,8.3,14.5,2.5,1009.4,1018.0,6.7,-0.2,59,74.0,98.8,1.9,5.3,46.6,419.36,-0.1,9.2,2022,3
Daejeon,14.9,21.9,8.3,1009.0,1017.3,8.7,3.8,52,69.7,174.9,1.9,4.0,63.56,614.78,5.5,17.3,2022,4
Daejeon,19.4,26.3,12.7,1004.6,1012.8,10.8,7.4,50,8.1,235.0,2.1,3.4,71.1,770.32,9.0,24.5,2022,5
Daejeon,24.1,29.4,19.8,999.5,1007.5,19.8,16.9,67,117.6,178.7,2.4,6.1,40.57,566.31,17.8,27.4,2022,6
Daejeon,27.0,31.5,23.4,998.0,1005.9,26.2,21.8,75,195.0,157.2,1.9,6.5,36.42,542.22,22.5,29.2,2022,7
Daejeon,25.7,29.6,22.7,999.6,1007.5,25.9,21.4,79,496.1,127.3,1.9,7.6,27.59,424.22,21.7,27.5,2022,8
Daejeon,21.8,27.5,17.4,1005.2,1013.4,17.9,15.3,69,90.2,130.8,2.2,5.8,49.53,495.28,14.6,25.2,2022,9
Daejeon,14.3,20.7,9.1,1013.7,1022.1,11.1,7.7,68,89.3,113.4,1.7,4.3,61.69,442.24,5.8,16.8,2022,10
Daejeon,9.5,16.6,3.8,1013.4,1022.0,7.6,2.2,64,45.8,76.3,1.5,3.9,59.69,309.14,-0.4,10.5,2022,11
Daejeon,-2.0,3.3,-6.4,1016.8,1025.8,3.3,-8.9,62,14.7,43.8,1.6,4.3,50.86,246.74,-9.6,-0.1,2022,12
Daejeon,-0.9,5.3,-5.9,1016.5,1025.2,3.6,-8.4,60,28.4,54.7,1.7,3.5,62.08,301.68,-10.2,0.2,2023,1
Daejeon,2.4,8.8,-2.9,1017.4,1026.0,3.8,-7.1,54,5.4,73.1,1.5,3.8,58.28,349.63,-8.4,3.2,2023,2
Daejeon,10.2,17.8,3.0,1012.2,1020.4,5.2,-3.5,43,23.8,146.4,1.6,3.1,68.32,530.89,-2.3,11.5,2023,3
Daejeon,13.7,19.9,7.6,1007.0,1015.1,8.2,2.8,54,54.5,157.8,2.0,4.7,51.46,528.21,4.1,16.6,2023,4
Daejeon,19.0,25.0,13.2,1005.2,1013.1,12.9,10.1,61,192.9,171.0,1.3,5.4,51.77,618.41,10.2,22.8,2023,5
Daejeon,23.6,29.2,18.9,999.3,1007.0,18.6,16.0,65,147.5,184.5,1.6,5.7,52.43,649.34,17.1,29.6,2023,6
Daejeon,25.8,30.2,22.6,1000.0,1007.7,26.6,22.0,82,776.3,128.5,1.2,7.1,33.19,473.98,22.1,28.6,2023,7
Daejeon,27.0,31.7,23.2,997.8,1005.4,26.5,22.0,76,326.9,150.2,1.3,6.1,44.44,542.41,22.5,30.9,2023,8
Daejeon,22.8,27.5,19.2,1005.1,1012.9,21.0,18.1,77,310.2,119.7,1.3,6.4,42.23,443.12,18.0,26.1,2023,9
Daejeon,15.0,21.4,9.8,1011.0,1019.1,11.4,8.6,69,12.2,113.3,1.3,4.0,65.12,445.48,7.0,17.8,2023,10
Daejeon,7.6,13.2,2.6,1013.7,1022.1,7.4,0.5,64,40.3,71.5,1.8,4.2,54.43,293.28,-0.1,8.5,2023,11
Daejeon,2.2,7.3,-2.0,1016.4,1025.0,5.5,-3.1,70,124.1,45.7,1.6,5.1,46.75,233.54,-4.4,3.2,2023,12
Daejeon,0.3,5.3,-3.9,1017.0,1025.6,4.3,-5.7,67,47.8,48.0,1.7,4.8,46.6,258.56,-6.6,1.4,2024,1
Daejeon,4.3,9.1,0.2,1015.9,1024.3,5.9,-1.1,70,93.9,54.6,1.9,6.3,32.81,257.65,-2.3,4.9,2024,2
Daejeon,7.2,13.1,1.8,1010.4,1018.7,5.7,-1.9,57,57.9,113.4,2.2,4.2,57.1,475.82,-1.2,8.5,2024,3
Daejeon,16.1,22.6,10.3,1005.8,1013.8,10.2,6.9,59,32.7,144.6,1.9,5.4,53.59,540.2,8.0,18.7,2024,4
Daejeon,18.5,24.8,12.4,1005.4,1013.3,12.6,10.0,62,126.8,196.9,1.9,4.1,64.76,720.64,10.0,23.0,2024,5
Daejeon,24.0,30.0,18.5,1000.1,1007.9,17.7,15.2,62,76.9,183.6,1.8,4.8,61.72,697.02,16.0,30.2,2024,6
Daejeon,26.6,30.4,23.7,999.3,1006.9,27.8,22.7,81,485.1,128.2,1.9,7.5,27.87,460.51,22.9,28.6,2024,7
Daejeon,28.7,33.5,25.0,999.6,1007.2,28.9,23.4,75,87.3,166.1,1.7,4.3,57.56,612.88,23.5,33.2,2024,8
Daejeon,25.8,31.0,22.0,1005.1,1012.9,24.0,20.1,73,204.6,144.3,1.7,5.1,52.55,485.82,20.3,29.4,2024,9
Daejeon,16.3,21.5,12.1,1012.0,1020.1,14.6,12.3,80,109.2,85.8,1.5,5.5,42.14,340.01,9.1,17.5,2024,10
Daejeon,9.7,16.1,4.6,1013.9,1022.2,8.6,3.6,69,34.6,75.4,1.5,4.1,58.95,308.4,0.9,9.5,2024,11
Daejeon,1.8,6.7,-2.3,1015.5,1024.1,4.4,-5.1,63,3.7,47.7,1.6,4.6,55.43,265.25,-7.3,1.4,2024,12
Daejeon,0.5,6.0,-4.1,1016.0,1024.6,4.0,-6.4,63,12.5,54.0,1.6,4.3,55.62,289.87,-9.3,0.7,2025,1
Daejeon,-0.1,5.8,-5.1,1016.4,1025.0,3.4,-8.9,56,11.1,74.8,2.1,3.3,70.25,402.67,-9.9,1.8,2025,2
Daejeon,8.8,15.1,3.3,1009.9,1018.1,6.1,-1.1,55,37.7,119.9,2.4,4.8,54.58,439.77,-1.0,9.9,2025,3
Daegu,2.3,6.8,-1.7,1016.4,1024.5,4.2,-6.3,57,24.1,,2.0,,66.81,310.82,-7.3,1.4,2015,1
Daegu,3.8,9.0,-0.6,1014.4,1022.4,4.3,-5.8,53,14.6,,2.3,,64.2,356.27,-5.6,4.4,2015,2
Daegu,9.2,15.5,3.3,1013.6,1021.4,5.3,-3.7,46,50.5,,2.2,,73.19,566.32,-2.1,10.7,2015,3
Daegu,14.6,20.2,9.5,1009.3,1016.9,9.8,5.9,63,82.7,,2.3,,47.06,488.72,4.9,16.6,2015,4
Daegu,21.7,28.0,15.4,1002.7,1010.1,12.0,8.9,49,34.7,,2.0,,71.01,750.05,9.6,25.4,2015,5
Daegu,22.9,28.5,18.3,1000.9,1007.1,17.7,15.2,66,62.1,,2.3,,36.55,534.92,15.3,28.7,2015,6
Daegu,25.0,29.5,21.3,1001.2,1006.8,22.5,19.1,72,157.5,,2.4,6.8,33.8,484.24,20.3,29.1,2015,7
Daegu,26.0,31.2,22.0,1002.3,1007.9,24.3,20.5,75,269.5,,1.7,5.8,42.5,500.66,21.5,30.1,2015,8
Daegu,20.6,25.9,16.2,1007.9,1013.6,18.3,15.9,77,70.3,,1.8,4.9,53.06,455.78,14.0,25.4,2015,9
Daegu,15.8,22.2,10.4,1012.1,1017.9,12.0,9.0,68,38.1,,1.9,2.5,72.5,436.43,6.2,19.4,2015,10
Daegu,11.0,15.0,7.6,1016.5,1022.4,10.7,7.2,80,70.9,,1.9,7.0,30.1,191.6,5.3,12.2,2015,11
Daegu,4.5,9.0,0.5,1018.0,1024.1,6.0,-1.3,69,33.5,,1.9,4.4,52.81,224.17,-3.6,5.0,2015,12
Daegu,-0.2,4.3,-4.2,1017.3,1023.5,3.6,-8.3,58,23.8,,2.1,3.7,62.77,265.94,-8.3,0.3,2016,1
Daegu,3.1,8.3,-1.6,1016.9,1023.1,4.3,-6.5,52,15.5,,2.4,3.6,65.25,352.07,-5.4,4.2,2016,2
Daegu,8.8,14.5,3.5,1014.5,1020.5,6.2,-1.1,55,67.5,,2.2,4.5,55.26,459.3,-0.2,11.2,2016,3
Daegu,14.9,21.0,9.5,1007.3,1013.1,9.7,5.9,61,151.0,,2.5,5.2,50.38,507.0,6.2,17.0,2016,4
Daegu,20.0,26.7,13.6,1005.4,1011.1,13.1,10.5,59,65.0,,2.3,4.3,63.0,655.45,9.8,24.0,2016,5
Daegu,23.4,28.3,19.1,1001.7,1007.3,18.6,16.1,67,45.7,,2.2,6.2,41.71,524.66,16.6,28.5,2016,6
Daegu,26.4,31.5,22.6,1002.1,1007.7,24.5,20.6,73,307.3,161.2,2.0,7.0,39.05,516.26,21.6,31.7,2016,7
Daegu,27.6,33.2,23.2,999.7,1005.2,23.4,19.7,65,81.2,209.9,2.3,4.2,62.94,598.37,21.6,34.0,2016,8
Daegu,21.9,25.9,18.7,1007.3,1013.0,20.6,17.7,79,306.5,95.1,1.6,7.8,26.36,325.16,17.4,24.7,2016,9
Daegu,16.6,21.0,13.1,1012.6,1018.5,14.4,11.7,75,111.5,86.8,1.7,6.4,36.61,304.1,10.0,18.6,2016,10
Daegu,8.8,14.0,4.1,1016.1,1022.1,7.3,0.9,62,11.3,79.2,1.9,4.1,56.77,278.14,-0.4,9.6,2016,11
Daegu,4.0,8.7,-0.6,1017.3,1023.4,4.9,-4.5,58,41.0,68.4,2.1,4.1,58.48,240.44,-5.0,4.0,2016,12
Daegu,1.1,6.3,-3.7,1017.5,1023.7,3.5,-8.9,52,2.5,74.0,2.5,2.8,68.76,301.04,-8.8,1.3,2017,1
Daegu,3.2,8.8,-2.2,1015.4,1021.6,3.6,-8.6,46,25.7,97.3,2.8,3.0,73.25,381.1,-7.1,4.1,2017,2
Daegu,7.9,13.9,2.4,1012.4,1018.4,5.0,-3.8,50,38.4,132.3,2.3,4.2,63.4,490.83,-2.1,10.1,2017,3
Daegu,15.7,22.0,9.6,1006.3,1012.6,8.7,4.0,52,53.0,184.6,2.3,4.2,61.32,575.09,5.2,18.0,2017,4
Daegu,20.8,27.5,14.5,1005.6,1011.8,12.1,9.0,52,33.1,232.3,2.3,4.0,65.02,668.09,10.1,26.1,2017,5
Daegu,23.3,30.0,17.9,1002.3,1008.4,16.4,13.9,60,71.5,218.3,2.4,5.0,58.87,664.08,16.1,30.3,2017,6
Daegu,28.0,32.8,24.0,1001.8,1007.8,27.1,22.3,75,105.3,154.8,1.9,6.9,31.37,475.51,22.9,31.5,2017,7
Daegu,26.4,31.4,22.5,1001.6,1007.6,25.4,20.9,75,171.3,169.5,2.2,6.1,49.16,535.56,21.0,30.0,2017,8
Daegu,21.5,27.0,16.4,1006.7,1012.9,17.0,14.6,68,97.5,144.8,1.8,4.8,58.03,473.31,12.9,25.8,2017,9
Daegu,16.2,21.2,12.0,1014.0,1020.3,13.2,10.2,71,54.3,99.4,1.8,5.8,44.17,339.76,8.6,18.2,2017,10
Daegu,7.8,14.2,2.3,1015.6,1022.2,5.7,-2.3,53,0.1,97.1,2.0,3.1,72.77,321.59,-3.9,8.5,2017,11
Daegu,0.7,5.8,-4.0,1018.2,1025.0,3.0,-10.6,46,11.0,76.7,2.6,2.9,74.62,285.63,-9.6,0.9,2017,12
Daegu,-0.9,4.0,-5.2,1016.4,1023.2,3.0,-11.4,49,21.1,67.8,2.5,3.9,69.46,311.43,-9.6,-0.3,2018,1
Daegu,1.3,7.1,-4.2,1015.8,1022.5,2.8,-12.3,40,25.1,86.3,2.5,3.6,68.55,356.28,-9.8,1.8,2018,2
Daegu,9.2,15.6,3.3,1013.5,1020.0,6.8,0.5,60,98.7,122.8,2.3,4.3,59.09,470.41,-0.6,10.2,2018,3
Daegu,15.0,21.4,8.9,1009.1,1015.5,8.3,3.4,52,113.0,180.0,2.6,4.6,62.97,559.89,5.2,17.9,2018,4
Daegu,19.2,24.8,14.2,1005.4,1011.6,13.5,10.5,62,99.7,180.0,2.4,6.1,46.74,569.94,11.3,22.5,2018,5
Daegu,23.6,28.7,18.7,1001.9,1008.0,16.6,14.1,60,121.1,189.0,2.2,6.1,46.12,575.54,16.5,27.7,2018,6
Daegu,28.2,33.1,24.0,1002.6,1008.6,24.1,20.3,66,169.6,195.5,2.2,5.1,50.72,583.52,22.5,33.2,2018,7
Daegu,27.7,32.9,23.7,1001.7,1007.8,24.3,20.5,68,334.2,193.9,2.4,5.8,52.51,544.94,22.7,32.1,2018,8
Daegu,21.0,25.4,17.2,1007.2,1013.3,17.4,14.9,71,109.0,124.7,1.9,6.7,38.26,391.07,15.4,23.0,2018,9
Daegu,14.3,20.0,9.3,1012.0,1018.4,10.1,6.3,63,165.1,119.4,1.8,3.6,68.21,417.44,5.1,16.3,2018,10
Daegu,8.8,15.2,3.3,1016.7,1023.3,7.1,0.9,63,17.2,74.6,1.3,3.5,60.26,290.08,-2.2,9.1,2018,11
Daegu,2.0,7.0,-2.3,1019.6,1026.4,3.9,-8.5,50,23.8,69.8,2.1,4.0,61.06,260.56,-6.6,2.1,2018,12
Daegu,1.7,7.3,-3.5,1018.2,1025.0,3.0,-10.6,44,9.5,86.8,2.3,3.0,73.55,319.27,-9.1,1.4,2019,1
Daegu,4.0,9.1,-0.9,1016.6,1023.3,3.9,-7.7,47,26.2,84.3,2.1,5.0,63.68,345.66,-5.2,4.3,2019,2
Daegu,9.4,15.5,3.6,1010.1,1016.6,5.7,-1.7,50,20.7,136.2,2.4,4.8,63.56,500.7,-1.2,11.2,2019,3
Daegu,13.5,19.4,8.0,1008.5,1014.9,7.9,2.1,52,88.0,139.7,2.2,5.4,49.51,480.63,3.5,16.1,2019,4
Daegu,20.7,27.5,13.6,1005.4,1011.6,10.5,6.8,47,25.7,246.1,2.1,4.4,67.8,702.36,9.1,24.6,2019,5
Daegu,22.8,28.5,17.8,1000.9,1007.1,17.3,14.9,65,160.8,186.9,2.1,5.8,54.68,620.6,15.3,27.3,2019,6
Daegu,25.8,30.0,22.3,1000.5,1006.7,24.7,20.7,76,139.4,144.6,1.9,7.4,35.17,487.33,20.5,28.3,2019,7
Daegu,27.4,32.2,23.7,1000.9,1007.0,26.4,21.8,74,141.9,163.9,1.9,6.0,47.45,515.88,21.9,30.9,2019,8
Daegu,22.6,27.0,19.1,1008.7,1014.9,21.3,18.2,79,185.5,110.7,1.7,6.9,36.73,379.27,16.9,24.4,2019,9
Daegu,16.8,22.0,12.2,1012.1,1018.6,13.6,10.8,71,155.2,110.4,1.7,5.0,56.88,386.33,8.4,18.2,2019,10
Daegu,9.8,16.3,4.3,1015.6,1022.3,8.1,2.9,66,15.3,77.0,1.7,4.0,59.94,291.61,-0.6,10.1,2019,11
Daegu,3.5,9.0,-1.0,1018.3,1025.1,4.6,-4.9,57,27.5,66.8,2.1,3.8,62.38,257.63,-5.0,3.1,2019,12
Daegu,3.8,8.4,0.1,1015.9,1022.7,5.0,-3.7,61,70.4,63.5,2.1,5.7,48.67,266.64,-3.3,3.3,2020,1
Daegu,4.9,10.4,0.2,1017.3,1024.1,5.3,-3.6,59,40.2,84.8,2.4,4.5,65.04,375.31,-2.9,5.6,2020,2
Daegu,9.5,15.8,3.6,1010.6,1017.3,7.2,1.3,61,24.5,133.4,2.5,3.8,66.21,540.59,0.0,11.3,2020,3
Daegu,12.6,19.0,6.5,1010.1,1016.7,7.4,2.0,53,32.4,185.4,2.9,3.5,69.48,647.86,2.6,16.4,2020,4
Daegu,19.4,25.7,14.0,1004.1,1010.4,13.9,11.4,64,38.1,193.5,2.5,5.8,55.36,661.45,11.0,24.2,2020,5
Daegu,24.5,30.5,19.3,1000.1,1006.2,18.7,16.1,63,185.3,201.3,2.2,5.7,51.8,632.61,17.4,29.3,2020,6
Daegu,23.2,26.8,20.2,1001.1,1007.3,22.0,18.9,79,330.5,123.6,2.2,8.2,21.78,421.05,19.6,25.6,2020,7
Daegu,28.6,33.3,24.8,1003.1,1009.2,27.0,22.3,71,322.7,173.6,1.9,6.4,46.29,534.44,23.5,32.7,2020,8
Daegu,21.2,26.0,17.1,1005.5,1011.8,18.2,15.7,73,161.0,123.5,2.0,6.3,40.34,409.03,14.8,23.5,2020,9
Daegu,15.4,21.3,10.1,1013.7,1020.2,11.0,7.7,64,13.1,129.2,2.0,4.2,63.82,442.4,5.5,18.4,2020,10
Daegu,9.7,15.3,4.5,1017.9,1024.5,7.4,1.3,59,23.9,93.2,2.2,3.6,64.32,320.68,-0.5,10.2,2020,11
Daegu,1.6,7.2,-3.1,1018.9,1025.8,3.8,-7.5,54,2.8,72.9,2.5,3.2,70.75,304.57,-8.5,2.1,2020,12
Daegu,0.5,5.9,-4.3,1017.4,1024.3,4.2,-7.3,58,11.9,62.8,2.5,3.9,65.2,315.94,-8.7,0.9,2021,1
Daegu,4.8,11.1,-0.6,1014.1,1020.8,5.4,-3.2,59,19.2,85.0,2.7,3.6,68.11,372.05,-4.7,5.0,2021,2
Daegu,10.2,16.1,4.7,1013.0,1019.6,8.4,4.0,69,95.2,117.0,2.4,5.0,54.94,489.34,0.7,11.1,2021,3
Daegu,14.5,20.6,8.8,1012.0,1018.5,9.7,6.2,61,43.0,167.9,2.9,4.9,62.75,616.96,5.2,18.1,2021,4
Daegu,18.3,24.3,12.8,1003.0,1009.3,12.6,9.8,62,90.9,183.3,2.5,5.9,48.12,598.19,9.3,21.5,2021,5
Daegu,23.2,28.5,18.9,1002.0,1008.2,17.6,15.2,64,55.1,185.2,2.3,6.6,42.44,594.91,16.9,26.9,2021,6
Daegu,26.9,32.1,22.9,1002.6,1008.7,23.6,20.0,69,153.3,196.9,2.1,6.7,48.67,608.97,21.6,30.6,2021,7
Daegu,25.7,30.5,22.4,1002.6,1008.8,23.7,20.1,74,256.3,138.9,1.6,7.2,31.24,453.3,21.5,28.1,2021,8
Daegu,22.1,26.4,18.7,1007.8,1014.1,19.6,17.1,76,84.1,122.4,2.0,6.7,34.5,402.76,16.6,24.3,2021,9
Daegu,16.5,22.7,11.5,1014.8,1021.2,14.0,10.7,72,57.8,112.7,1.5,4.3,62.22,425.96,7.8,18.5,2021,10
Daegu,9.5,15.7,4.4,1013.1,1019.7,7.5,2.2,64,43.1,87.7,2.0,3.1,67.55,320.4,-0.5,9.3,2021,11
Daegu,3.1,8.9,-2.1,1017.6,1024.4,4.6,-5.4,57,0.1,75.0,2.5,2.6,73.3,308.9,-6.2,2.8,2021,12
Daegu,0.9,6.8,-4.1,1017.3,1024.2,3.1,-10.1,47,0.0,81.2,2.3,3.4,74.29,350.35,-8.9,1.4,2022,1
Daegu,1.6,7.4,-3.4,1018.1,1025.0,3.0,-10.1,44,0.1,96.1,3.1,3.0,78.85,416.9,-7.9,3.3,2022,2
Daegu,9.7,15.9,3.8,1010.8,1017.4,7.0,0.6,58,34.3,118.1,2.4,5.0,55.62,479.66,0.1,11.3,2022,3
Daegu,15.9,22.7,9.4,1010.5,1017.0,9.6,5.4,55,38.5,182.7,2.2,4.0,64.4,614.53,4.9,19.7,2022,4
Daegu,20.7,27.4,14.1,1005.9,1012.2,11.6,8.6,50,4.2,256.8,2.5,3.8,71.84,774.85,10.4,27.0,2022,5
Daegu,24.3,29.7,19.8,1001.8,1008.0,21.3,18.1,71,81.8,182.2,2.4,5.9,47.13,603.39,18.7,29.1,2022,6
Daegu,27.5,32.4,23.7,1000.1,1006.2,27.6,22.6,77,88.8,166.8,2.3,6.8,40.62,569.6,22.6,31.2,2022,7
Daegu,26.9,31.4,23.4,1001.5,1007.6,28.3,22.9,81,143.3,133.7,1.7,7.3,33.24,449.78,22.4,30.3,2022,8
Daegu,21.9,26.8,17.7,1007.1,1013.4,20.9,17.8,80,114.2,110.0,2.3,6.2,45.2,453.26,15.3,26.0,2022,9
Daegu,15.5,21.6,10.1,1015.2,1021.6,12.8,9.9,72,25.6,119.4,2.1,4.3,66.8,457.38,7.1,19.6,2022,10
Daegu,11.0,17.7,5.2,1014.7,1021.3,8.6,3.9,65,46.6,84.5,1.7,3.4,67.73,330.4,1.4,12.9,2022,11
Daegu,0.4,5.4,-4.0,1017.4,1024.3,4.0,-6.3,63,3.6,58.5,2.4,3.6,69.14,298.9,-6.8,1.8,2022,12
Daegu,0.9,6.7,-4.3,1017.3,1024.2,4.3,-6.5,61,11.5,64.3,2.4,3.2,70.18,328.9,-7.3,1.6,2023,1
Daegu,4.4,10.4,-0.7,1018.2,1025.0,4.2,-6.1,51,11.2,90.0,2.2,4.3,60.21,352.59,-4.2,4.7,2023,2
Daegu,11.8,18.8,5.4,1013.2,1019.8,6.3,-1.3,46,27.3,155.5,2.1,3.7,65.0,516.58,2.0,13.3,2023,3
Daegu,14.8,20.9,8.8,1008.6,1015.0,9.1,4.3,55,30.8,180.3,2.6,4.3,57.2,560.34,6.0,18.3,2023,4
Daegu,19.3,25.1,13.8,1007.1,1013.4,13.4,10.6,63,200.0,180.1,2.1,5.6,49.82,596.25,12.1,23.5,2023,5
Daegu,24.0,29.6,19.3,1000.9,1007.1,19.1,16.5,66,178.7,197.7,2.2,6.4,50.26,635.54,18.4,29.2,2023,6
Daegu,26.7,31.1,23.1,1002.0,1008.2,26.8,22.2,78,298.7,143.6,1.6,7.0,31.14,485.69,22.4,30.3,2023,7
Daegu,27.5,31.9,24.0,999.4,1005.5,27.1,22.3,76,312.8,164.0,2.1,6.0,45.22,534.68,23.1,31.6,2023,8
Daegu,23.5,27.9,20.0,1006.7,1013.0,22.0,18.8,77,123.6,119.9,1.9,6.3,44.58,409.2,18.9,26.3,2023,9
Daegu,15.9,22.4,10.5,1012.2,1018.6,11.5,8.7,66,5.7,129.1,1.7,3.6,67.28,457.45,7.4,17.8,2023,10
Daegu,9.2,15.1,4.1,1014.5,1021.1,7.2,0.2,57,31.6,99.4,2.6,3.0,68.38,335.24,1.0,8.8,2023,11
Daegu,3.5,8.6,-1.3,1017.6,1024.4,5.4,-3.7,62,89.9,62.0,2.3,3.7,62.64,264.12,-4.4,2.5,2023,12
Daegu,2.3,7.6,-2.1,1017.6,1024.4,4.3,-5.9,58,21.4,72.8,2.5,3.5,67.25,311.95,-5.1,1.5,2024,1
Daegu,5.4,10.4,1.5,1017.6,1024.4,6.5,0.1,71,56.8,59.0,2.3,6.1,34.9,258.08,-0.7,5.5,2024,2
Daegu,8.5,14.3,3.2,1011.4,1018.0,6.0,-1.5,55,70.9,129.9,2.6,4.5,56.85,469.72,0.5,9.7,2024,3
Daegu,16.3,22.5,10.8,1007.5,1013.9,10.7,7.5,62,60.6,142.2,2.2,5.9,46.92,511.52,8.6,18.9,2024,4
Daegu,19.4,26.2,12.9,1006.6,1013.0,12.0,9.2,57,59.8,225.7,2.4,4.2,64.39,723.92,10.7,24.4,2024,5
Daegu,24.6,30.4,19.4,1001.4,1007.6,18.1,15.5,61,98.3,189.1,1.9,5.9,53.47,644.38,17.6,30.2,2024,6
Daegu,27.8,31.7,24.5,1001.0,1007.1,27.4,22.5,75,372.2,152.0,2.0,6.9,34.2,515.32,23.6,30.8,2024,7
Daegu,29.1,34.4,25.0,1001.1,1007.1,27.3,22.5,70,118.3,181.0,2.3,4.7,59.88,634.38,24.3,34.0,2024,8
Daegu,25.4,30.4,21.6,1007.0,1013.2,24.1,20.2,75,151.5,136.6,1.9,5.9,44.06,454.92,20.4,28.3,2024,9
Daegu,17.0,21.8,13.0,1013.4,1019.8,14.6,12.3,76,94.9,97.2,1.7,5.9,42.4,347.7,10.1,18.6,2024,10
Daegu,10.7,16.3,6.0,1015.1,1021.7,9.1,4.4,69,50.4,81.3,1.9,4.2,56.01,292.79,2.2,10.6,2024,11
Daegu,3.5,8.3,-0.8,1015.7,1022.5,3.9,-6.7,50,1.3,87.6,2.8,3.1,73.29,304.49,-4.9,2.1,2024,12
Daegu,1.4,7.0,-3.4,1016.6,1023.5,3.6,-7.4,53,4.3,72.5,2.5,3.0,69.03,311.0,-7.9,0.7,2025,1
Daegu,1.2,6.6,-3.4,1016.4,1023.3,3.1,-10.4,46,12.7,98.3,3.3,2.5,77.65,409.62,-6.7,1.8,2025,2
Daegu,9.8,15.8,4.0,1010.8,1017.5,6.0,-1.4,52,25.4,141.4,2.7,4.8,56.77,442.75,0.6,10.7,2025,3
Ulsan,3.5,8.3,-0.9,1018.2,1022.6,4.2,-6.9,51,26.3,,2.3,3.5,64.6,,-5.5,1.9,2015,1
Ulsan,4.5,10.0,-0.1,1016.6,1020.9,4.5,-5.7,51,20.4,,2.3,3.7,62.41,,-4.5,3.7,2015,2
Ulsan,8.9,14.7,3.5,1016.0,1020.3,5.7,-2.8,49,51.7,,2.4,3.0,71.88,,-1.1,9.8,2015,3
Ulsan,13.8,18.9,9.1,1012.2,1016.3,9.6,5.7,64,122.9,,2.4,6.3,44.19,,5.7,15.2,2015,4
Ulsan,20.0,25.6,14.8,1005.6,1009.6,12.0,9.0,54,98.3,,2.2,4.3,55.54,,10.4,23.5,2015,5
Ulsan,21.5,25.8,17.7,1003.7,1007.7,19.6,17.0,78,77.0,,2.1,7.3,27.27,,14.8,26.0,2015,6
Ulsan,24.4,28.3,21.4,1004.0,1007.9,24.9,20.7,81,176.3,,2.4,7.0,29.03,,19.4,26.4,2015,7
Ulsan,26.4,30.9,22.7,1004.5,1008.4,26.2,21.8,78,120.2,,2.1,5.6,44.86,,20.4,30.6,2015,8
Ulsan,21.1,25.3,17.8,1010.2,1014.2,18.7,16.2,76,160.6,,2.3,5.9,52.63,,15.5,22.9,2015,9
Ulsan,16.6,22.5,11.8,1014.2,1018.3,11.2,7.6,59,39.8,,2.0,2.8,75.16,,6.9,17.8,2015,10
Ulsan,12.4,16.4,9.2,1018.5,1022.7,11.2,7.7,76,103.5,,1.9,6.8,34.03,,5.1,12.1,2015,11
Ulsan,6.5,11.4,2.4,1019.7,1024.0,6.3,-1.3,62,47.6,,2.1,4.2,51.62,,-3.3,4.9,2015,12
Ulsan,1.8,6.9,-2.3,1018.6,1023.0,3.6,-9.0,50,50.6,,2.3,3.5,62.28,,-8.5,0.7,2016,1
Ulsan,4.8,10.0,0.2,1018.7,1023.0,4.5,-6.6,47,32.4,,2.6,3.6,68.98,,-5.3,4.5,2016,2
Ulsan,9.2,14.4,4.7,1016.7,1021.1,6.9,0.2,58,92.2,,2.1,4.7,54.83,,-0.2,9.8,2016,3
Ulsan,14.3,19.0,9.7,1003.8,1013.6,10.8,7.6,69,179.2,,2.3,5.5,52.69,,6.7,13.9,2016,4
Ulsan,18.9,24.3,13.8,1002.1,1011.6,13.8,11.1,65,86.1,,2.2,4.4,61.98,,10.0,19.4,2016,5
Ulsan,22.0,26.0,18.5,998.6,1008.0,21.2,18.2,82,70.1,,1.7,6.4,41.58,,16.4,23.8,2016,6
Ulsan,25.3,29.4,22.0,999.1,1008.4,28.0,22.8,88,226.9,,1.7,6.5,47.15,,20.8,26.8,2016,7
Ulsan,26.4,30.9,22.9,996.4,1005.7,28.1,22.7,82,98.2,,2.1,4.1,66.4,,21.9,29.0,2016,8
Ulsan,21.7,25.1,19.0,1003.8,1013.3,23.0,19.6,89,364.3,,1.9,7.6,30.15,,17.9,21.9,2016,9
Ulsan,17.2,21.1,14.0,1008.8,1018.5,16.4,13.8,82,358.7,,2.0,6.4,39.95,,12.3,17.5,2016,10
Ulsan,10.1,14.9,5.8,1011.7,1021.6,8.9,3.7,68,47.1,,1.9,4.1,57.19,,3.4,8.9,2016,11
Ulsan,6.1,11.0,1.4,1012.5,1022.7,5.9,-2.4,59,88.1,,2.1,3.8,59.61,,-1.5,4.2,2016,12
Ulsan,2.8,7.5,-1.6,1012.7,1023.0,4.0,-7.6,50,15.3,,2.5,2.7,69.77,,-4.6,1.3,2017,1
Ulsan,4.4,9.4,-0.9,1010.7,1020.8,4.3,-6.8,49,23.6,,2.8,3.2,73.6,,-4.3,3.6,2017,2
Ulsan,8.0,12.9,3.4,1008.4,1018.4,6.1,-0.8,58,27.6,,2.3,4.4,62.82,,0.2,7.9,2017,3
Ulsan,15.1,20.1,10.3,1002.8,1012.5,10.4,6.8,63,111.9,,2.5,4.2,63.52,,6.8,15.7,2017,4
Ulsan,19.6,25.3,14.2,1002.2,1011.7,13.6,10.7,63,26.3,,1.8,4.5,65.32,,10.7,21.8,2017,5
Ulsan,21.2,26.4,17.1,999.3,1008.7,18.5,15.8,74,38.5,,1.9,4.8,62.59,,15.0,25.9,2017,6
Ulsan,27.1,31.3,23.7,998.6,1007.8,29.0,23.4,82,104.6,,1.9,6.6,38.24,,22.6,28.7,2017,7
Ulsan,25.9,29.9,22.7,998.3,1007.6,27.3,22.2,82,69.8,,2.1,5.9,52.93,,21.4,28.2,2017,8
Ulsan,21.3,25.8,17.4,1003.0,1012.6,19.3,16.5,77,178.0,,2.0,5.1,58.1,,15.2,22.4,2017,9
Ulsan,17.0,21.1,13.4,1010.0,1019.8,14.8,11.9,75,63.1,,2.3,6.1,42.6,,11.2,16.5,2017,10
Ulsan,9.8,15.4,4.3,1011.2,1021.3,6.6,-0.6,52,0.0,,2.1,3.0,77.03,,0.2,8.8,2017,11
Ulsan,2.3,7.2,-2.6,1013.4,1023.9,3.2,-10.4,42,12.7,,2.5,2.0,80.37,,-6.3,1.1,2017,12
Ulsan,0.7,5.4,-3.4,1011.5,1022.0,3.4,-10.5,47,31.3,,2.5,3.3,71.81,,-7.0,0.0,2018,1
Ulsan,2.6,7.6,-2.1,1011.4,1021.8,3.3,-10.8,41,44.8,,2.6,3.6,70.57,,-6.4,1.7,2018,2
Ulsan,9.5,14.6,4.4,1009.6,1019.7,7.7,2.4,66,155.3,,2.7,4.3,60.17,,1.4,8.6,2018,3
Ulsan,14.5,19.9,9.7,1005.5,1015.4,9.9,5.9,61,123.3,,2.4,4.3,62.99,,5.7,14.6,2018,4
Ulsan,18.1,22.8,14.2,1002.1,1011.8,15.3,12.5,74,95.4,,2.3,6.0,49.91,,10.7,19.5,2018,5
Ulsan,21.6,26.2,17.9,998.7,1008.3,19.8,17.1,78,127.6,,1.8,6.3,44.98,,14.8,23.7,2018,6
Ulsan,26.8,30.8,23.5,999.4,1008.8,28.4,23.0,82,160.3,,1.9,4.6,59.79,,21.5,30.1,2018,7
Ulsan,27.0,31.1,23.6,998.6,1008.0,28.3,23.0,81,279.3,,2.1,5.5,58.29,,21.7,29.5,2018,8
Ulsan,21.1,24.7,18.3,1003.5,1013.1,20.3,17.4,81,156.9,,2.0,7.2,32.99,,15.5,22.0,2018,9
Ulsan,15.1,20.2,10.5,1008.0,1017.9,12.0,8.9,70,162.0,,2.0,3.8,68.11,,5.2,15.8,2018,10
Ulsan,10.7,16.0,5.9,1012.6,1022.7,8.3,3.0,63,51.8,,1.7,3.5,64.76,,-0.1,9.8,2018,11
Ulsan,4.1,8.7,-0.1,1014.8,1025.2,4.9,-6.6,51,28.1,,2.4,4.4,60.81,,-5.1,3.2,2018,12
Ulsan,3.5,8.9,-1.0,1013.3,1023.7,3.2,-10.2,40,15.5,,2.5,3.0,74.06,,-6.6,1.7,2019,1
Ulsan,5.1,10.1,0.9,1012.1,1022.4,4.9,-5.0,52,38.8,,2.4,5.0,63.72,,-4.5,3.9,2019,2
Ulsan,9.9,15.4,4.7,1006.1,1016.1,6.7,0.1,55,40.7,,2.4,4.5,69.48,,-0.8,9.3,2019,3
Ulsan,12.8,18.0,8.0,1004.9,1014.9,9.0,4.1,62,88.9,,2.1,5.1,52.73,,3.1,13.2,2019,4
Ulsan,19.7,25.5,14.0,1002.0,1011.7,12.3,9.1,56,35.0,,1.9,4.4,70.4,,8.5,20.7,2019,5
Ulsan,20.7,25.1,17.0,997.8,1007.4,19.2,16.6,80,247.5,,1.7,5.9,52.57,,13.7,23.3,2019,6
Ulsan,24.8,28.4,21.9,997.4,1006.8,26.1,21.6,84,206.5,,2.1,7.0,42.29,,19.5,25.9,2019,7
Ulsan,26.4,30.3,23.1,997.6,1006.9,28.0,22.8,82,195.7,,1.8,5.6,57.66,,20.9,28.0,2019,8
Ulsan,22.3,26.1,19.2,1005.3,1014.9,23.1,19.5,85,287.5,,1.9,7.1,41.81,,17.0,23.5,2019,9
Ulsan,17.3,21.7,13.5,1008.2,1018.0,15.1,12.4,75,222.2,,2.2,5.0,58.85,,9.5,17.3,2019,10
Ulsan,11.3,16.7,6.6,1011.5,1021.6,9.1,4.4,66,31.0,,2.0,4.2,60.23,,1.3,10.2,2019,11
Ulsan,5.4,10.5,0.9,1013.6,1024.0,5.1,-4.0,54,40.8,,2.1,3.6,66.46,,-4.3,3.9,2019,12
Ulsan,5.2,9.5,1.8,1011.4,1021.7,5.7,-2.3,61,178.7,,2.5,5.4,49.26,,-2.0,4.0,2020,1
Ulsan,6.0,11.0,1.4,1013.0,1023.3,5.8,-2.5,59,53.6,,2.2,4.0,66.64,,-2.8,5.6,2020,2
Ulsan,9.6,14.9,4.6,1006.8,1016.9,7.1,0.8,59,41.6,,2.3,4.0,64.05,,0.0,9.2,2020,3
Ulsan,12.3,18.0,7.0,1006.3,1016.3,7.5,2.0,55,73.2,,2.5,3.8,70.51,,2.4,12.8,2020,4
Ulsan,18.1,23.3,13.9,1000.8,1010.5,14.5,12.1,72,51.5,,1.9,5.9,56.33,,10.4,20.0,2020,5
Ulsan,22.7,27.6,18.5,997.0,1006.5,20.4,17.4,75,218.6,,1.7,5.6,58.99,,15.4,25.6,2020,6
Ulsan,22.1,25.3,19.8,998.1,1007.6,24.1,20.4,91,498.3,,1.5,8.2,25.14,,18.6,23.8,2020,7
Ulsan,27.6,31.8,24.4,1000.1,1009.4,30.3,24.2,83,137.1,,2.2,6.1,55.14,,23.0,29.1,2020,8
Ulsan,21.1,25.0,18.0,1001.9,1011.5,20.2,17.3,81,243.0,,2.5,6.4,44.7,,16.1,21.8,2020,9
Ulsan,15.9,20.8,11.9,1009.7,1019.5,11.9,8.8,66,18.9,,2.2,4.3,65.93,,9.2,16.7,2020,10
Ulsan,11.0,15.9,6.5,1013.5,1023.3,8.4,2.5,60,37.7,,2.1,3.6,61.62,,3.4,9.7,2020,11
Ulsan,3.4,8.5,-0.9,1014.1,1024.3,3.8,-7.8,47,5.7,,2.4,2.9,77.53,,-4.6,2.1,2020,12
Ulsan,2.1,6.8,-2.6,1012.8,1023.0,4.3,-7.5,52,20.6,,2.5,3.6,67.72,,-5.5,1.0,2021,1
Ulsan,6.5,11.9,1.6,1009.7,1019.7,5.2,-4.7,50,28.8,,2.5,3.5,68.34,,-1.6,4.9,2021,2
Ulsan,10.5,15.4,5.9,1009.3,1019.1,8.5,3.9,68,138.9,,2.4,5.4,55.06,,2.8,10.1,2021,3
Ulsan,13.8,19.0,9.1,1008.6,1018.2,9.5,5.6,62,73.9,,2.3,4.9,61.43,,5.7,14.6,2021,4
Ulsan,17.8,22.7,13.1,999.6,1009.1,13.5,10.7,68,120.4,,1.9,5.9,50.26,,10.7,18.8,2021,5
Ulsan,21.7,25.8,18.2,999.0,1008.3,20.4,17.6,80,93.8,,1.6,6.5,48.78,,16.6,23.9,2021,6
Ulsan,25.9,29.8,22.8,999.5,1008.7,28.2,23.0,85,189.3,,1.7,6.6,53.22,,21.9,29.2,2021,7
Ulsan,25.3,29.2,22.5,999.3,1008.4,27.7,22.7,87,443.9,,1.7,7.0,39.83,,21.8,26.5,2021,8
Ulsan,22.1,25.6,19.5,1004.3,1013.7,22.0,18.9,83,125.2,,2.1,7.0,36.79,,17.9,22.4,2021,9
Ulsan,17.1,22.1,13.0,1010.8,1020.4,15.3,12.0,75,49.0,,1.8,4.1,61.4,,10.5,17.4,2021,10
Ulsan,11.1,16.6,6.1,1008.9,1018.7,8.0,2.9,59,49.7,,1.8,2.8,71.21,,1.8,9.4,2021,11
Ulsan,4.7,9.8,-0.1,1012.9,1023.0,4.6,-6.1,49,3.5,,2.3,2.1,75.64,,-4.0,2.8,2021,12
Ulsan,2.6,8.0,-1.7,1012.6,1022.7,3.0,-11.6,39,0.9,,2.3,3.2,75.34,,-5.7,1.7,2022,1
Ulsan,2.7,7.7,-1.8,1013.4,1023.6,2.8,-11.9,37,2.2,,2.5,3.0,79.52,,-5.9,3.3,2022,2
Ulsan,9.9,15.0,4.9,1007.1,1016.9,7.4,1.1,60,55.5,,2.2,5.3,56.99,,1.4,10.0,2022,3
Ulsan,14.7,20.1,9.8,1007.0,1016.7,9.7,5.4,59,81.0,,2.1,4.2,65.71,,6.2,16.6,2022,4
Ulsan,19.2,24.9,13.8,1002.5,1011.9,11.6,8.5,54,6.1,,1.8,3.9,73.05,,10.4,23.3,2022,5
Ulsan,22.4,26.6,19.1,998.8,1008.1,21.1,17.9,78,147.1,,2.2,5.8,51.78,,17.3,24.7,2022,6
Ulsan,26.0,30.0,22.9,997.1,1006.3,27.5,22.6,83,125.0,,1.5,6.5,41.48,,21.9,28.5,2022,7
Ulsan,26.4,30.2,23.4,998.2,1007.4,26.8,22.0,79,138.5,,2.0,6.8,38.75,,22.0,27.7,2022,8
Ulsan,21.7,25.6,18.4,1003.5,1012.9,20.6,17.5,79,284.8,,2.1,6.8,36.18,,16.5,22.3,2022,9
Ulsan,16.0,21.0,11.8,1011.2,1020.8,12.4,9.2,67,30.4,,2.0,4.8,59.63,,9.1,16.8,2022,10
Ulsan,12.7,18.3,7.7,1010.5,1020.2,8.9,3.7,58,44.9,,1.9,3.5,68.11,,3.5,11.8,2022,11
Ulsan,2.0,6.8,-2.1,1012.6,1022.8,3.2,-9.9,44,9.7,,2.5,3.0,73.51,,-5.9,1.1,2022,12
Ulsan,2.6,7.9,-2.1,1012.5,1022.6,3.8,-9.3,45,41.3,40.3,2.5,2.7,71.56,163.69,-6.0,1.1,2023,1
Ulsan,5.2,10.4,0.6,1013.8,1023.8,4.7,-4.7,53,28.0,89.0,2.4,4.7,56.21,343.1,-2.4,4.4,2023,2
Ulsan,11.4,17.2,6.3,1009.5,1019.3,7.3,1.2,54,68.3,144.1,2.3,4.1,62.42,514.37,3.1,11.9,2023,3
Ulsan,14.1,18.8,9.2,1004.9,1014.5,9.6,5.2,60,57.7,158.2,2.6,4.2,57.3,555.11,6.7,15.5,2023,4
Ulsan,17.8,22.5,13.3,1003.8,1013.2,13.9,11.3,69,195.2,153.1,2.1,6.0,45.95,565.3,11.3,20.1,2023,5
Ulsan,22.3,26.9,18.4,997.7,1007.0,19.7,17.0,74,141.4,162.6,1.8,6.3,46.95,602.14,17.2,26.3,2023,6
Ulsan,25.8,29.8,22.5,999.0,1008.1,26.3,21.8,80,266.9,150.6,1.8,6.6,37.64,533.64,21.8,28.1,2023,7
Ulsan,26.5,30.2,23.6,996.4,1005.5,27.3,22.5,80,403.3,151.2,2.1,5.8,46.9,530.64,23.0,29.7,2023,8
Ulsan,22.9,26.5,20.2,1003.2,1012.6,22.4,19.1,80,276.7,112.0,1.9,6.6,38.35,397.48,19.1,24.9,2023,9
Ulsan,16.4,21.9,11.7,1008.1,1017.7,11.3,8.4,62,4.3,134.1,1.9,3.5,65.53,459.24,7.8,18.8,2023,10
Ulsan,10.4,16.1,5.2,1010.0,1019.8,7.4,0.3,53,33.1,106.2,2.3,2.6,67.53,347.51,0.8,10.5,2023,11
Ulsan,4.9,9.6,0.6,1013.0,1023.1,5.4,-4.1,56,126.7,74.7,2.5,3.6,62.84,277.38,-3.6,3.7,2023,12
Ulsan,3.4,8.3,-0.7,1013.0,1023.1,4.5,-5.7,55,42.3,77.2,2.5,3.3,63.34,309.49,-4.6,2.6,2024,1
Ulsan,6.0,10.0,2.5,1013.6,1023.7,6.8,0.7,71,105.4,59.9,2.6,6.3,31.91,247.49,-0.3,5.9,2024,2
Ulsan,8.6,13.3,3.6,1007.4,1017.3,6.3,-0.9,56,80.2,128.2,2.7,4.4,57.87,481.87,0.0,9.5,2024,3
Ulsan,14.9,20.2,10.6,1004.1,1013.7,11.5,8.6,69,99.1,121.6,1.9,5.8,47.48,499.0,7.4,16.5,2024,4
Ulsan,17.9,23.5,12.4,1003.2,1012.7,12.8,10.2,64,69.3,193.5,2.2,4.2,62.67,711.7,8.9,21.9,2024,5
Ulsan,22.6,27.4,18.4,998.2,1007.5,19.0,16.4,71,124.6,148.4,1.5,6.1,47.92,599.66,16.0,27.5,2024,6
Ulsan,26.9,30.6,23.8,997.9,1007.0,27.0,22.3,78,209.2,166.8,2.3,6.3,43.69,564.56,22.9,29.5,2024,7
Ulsan,28.0,32.3,24.5,997.8,1006.9,28.1,23.0,76,89.1,177.1,2.1,4.1,65.15,654.79,23.3,33.7,2024,8
Ulsan,24.7,29.0,21.5,1003.6,1012.9,24.7,20.6,80,237.0,128.7,1.9,5.8,45.1,453.19,20.5,27.5,2024,9
Ulsan,17.8,21.9,14.3,1009.4,1019.0,15.5,13.1,76,174.3,92.4,2.1,6.5,34.78,316.49,12.1,18.1,2024,10
Ulsan,11.8,16.4,7.8,1010.9,1020.7,9.4,4.9,65,67.5,83.8,2.1,4.3,49.31,289.55,3.9,10.4,2024,11
Ulsan,4.1,8.8,0.0,1011.0,1021.1,3.7,-7.5,45,0.0,92.7,2.5,2.6,77.53,329.81,-5.3,1.6,2024,12
Ulsan,2.5,7.6,-1.8,1012.1,1022.3,3.5,-8.5,47,6.4,85.0,2.4,2.5,71.57,346.79,-7.4,2.8,2025,1
Ulsan,1.9,7.0,-2.7,1011.6,1021.8,2.8,-11.9,39,16.1,103.0,2.7,2.4,75.87,425.87,-7.3,3.6,2025,2
Ulsan,9.5,14.6,4.6,1007.1,1016.9,6.7,0.2,58,71.7,124.8,2.6,5.1,53.45,440.03,0.4,10.6,2025,3
Gwangju,1.7,6.2,-2.1,1015.9,1025.1,4.6,-4.5,66,47.2,,1.6,4.7,57.7,259.91,-5.1,2.6,2015,1
Gwangju,3.0,7.8,-0.9,1014.0,1023.0,4.7,-4.4,61,23.9,,1.8,5.4,55.14,288.73,-3.8,4.1,2015,2
Gwangju,8.0,14.7,2.3,1013.0,1021.9,5.5,-3.0,51,36.5,,1.9,3.9,67.91,493.71,-0.8,9.9,2015,3
Gwangju,13.9,20.5,8.9,1007.4,1016.0,9.7,5.6,63,145.5,,1.9,6.0,46.75,444.24,6.4,15.7,2015,4
Gwangju,19.4,26.1,13.6,1002.1,1010.5,11.9,8.9,56,48.6,,2.0,4.7,63.27,657.85,10.8,23.5,2015,5
Gwangju,22.5,27.7,18.7,998.9,1007.2,18.6,15.9,70,96.1,,1.8,7.3,37.43,495.99,16.6,26.7,2015,6
Gwangju,25.4,29.7,22.2,998.8,1007.0,26.7,21.9,83,164.3,,1.9,7.2,35.16,522.71,21.4,28.2,2015,7
Gwangju,26.0,30.5,22.7,1000.4,1008.6,26.7,22.1,81,148.9,,1.5,6.0,41.81,538.07,21.8,28.9,2015,8
Gwangju,22.0,27.3,17.4,1005.3,1013.7,18.8,16.3,73,66.6,,1.4,4.6,58.35,517.74,14.9,25.4,2015,9
Gwangju,16.9,22.7,12.1,1010.5,1019.1,13.2,10.6,70,90.9,,1.3,3.2,66.94,444.87,9.1,18.6,2015,10
Gwangju,11.6,15.4,8.5,1014.1,1022.9,11.6,8.5,83,121.9,,1.1,7.2,29.84,205.09,5.7,11.1,2015,11
Gwangju,5.3,9.4,1.8,1016.5,1025.5,6.7,0.4,73,59.2,,1.3,5.7,45.26,225.35,-2.1,4.0,2015,12
Gwangju,0.9,4.9,-2.1,1016.2,1025.4,4.6,-4.6,69,49.7,,1.5,6.0,46.37,244.83,-3.8,0.8,2016,1
Gwangju,3.3,8.2,-1.0,1016.1,1025.2,5.0,-4.4,60,45.2,,1.8,4.5,56.47,348.22,-4.2,2.4,2016,2
Gwangju,8.4,14.7,3.4,1013.0,1021.9,6.8,0.0,60,55.2,,1.7,4.1,61.68,520.95,-0.8,9.0,2016,3
Gwangju,15.5,21.9,10.5,1005.3,1013.8,11.1,7.8,66,185.0,,1.8,5.8,51.13,541.64,6.8,17.0,2016,4
Gwangju,19.8,26.0,14.3,1003.9,1012.3,14.4,11.9,65,104.5,,1.8,5.2,59.06,681.6,11.1,23.2,2016,5
Gwangju,23.0,27.6,19.5,999.9,1008.1,22.1,18.9,80,116.1,,1.6,7.0,31.86,505.22,17.2,26.7,2016,6
Gwangju,26.9,31.1,23.7,1000.0,1008.2,29.5,23.7,84,301.3,154.4,1.9,6.6,43.81,570.17,22.0,30.7,2016,7
Gwangju,27.8,33.1,23.8,997.9,1006.0,29.1,23.3,79,81.0,164.0,1.4,4.1,56.65,592.06,22.3,31.8,2016,8
Gwangju,23.0,27.6,19.6,1004.5,1012.8,23.0,19.5,83,251.2,105.8,1.5,6.8,36.33,408.67,16.7,25.1,2016,9
Gwangju,17.2,21.5,13.6,1010.1,1018.6,15.9,13.1,79,216.7,78.6,1.5,6.7,30.16,318.54,10.0,17.8,2016,10
Gwangju,9.6,14.6,5.3,1014.2,1023.1,8.7,3.5,69,31.5,71.6,1.5,4.6,56.06,297.0,0.5,8.7,2016,11
Gwangju,4.7,9.4,0.7,1016.1,1025.2,6.2,-1.0,69,44.9,50.0,1.5,5.1,49.25,241.72,-4.8,2.9,2016,12
Gwangju,2.0,6.7,-1.9,1016.6,1025.7,4.8,-4.3,66,11.7,53.3,1.6,4.7,56.7,291.97,-6.6,1.1,2017,1
Gwangju,2.9,8.4,-1.7,1015.0,1024.0,4.6,-5.0,60,41.9,69.7,1.6,4.3,62.83,366.96,-6.5,2.7,2017,2
Gwangju,7.4,13.8,2.4,1011.3,1020.2,5.6,-2.0,57,33.2,113.9,1.5,4.8,59.5,519.15,-3.2,8.7,2017,3
Gwangju,15.1,21.9,9.5,1005.3,1013.8,10.0,5.9,60,60.6,164.4,1.9,4.4,63.84,614.81,4.7,17.6,2017,4
Gwangju,19.8,26.4,14.1,1004.8,1013.2,13.7,11.1,62,30.2,189.2,1.4,4.1,63.15,704.45,10.0,25.1,2017,5
Gwangju,23.1,29.4,18.5,1000.6,1008.9,18.8,15.9,68,42.1,178.8,1.5,5.5,51.04,640.81,15.1,29.5,2017,6
Gwangju,27.8,32.0,24.8,1000.2,1008.3,32.9,25.6,89,211.6,131.0,1.8,7.4,27.25,494.13,22.9,30.7,2017,7
Gwangju,27.0,31.6,23.4,999.3,1007.5,29.6,23.5,83,280.5,149.9,1.6,5.8,45.47,547.82,20.8,29.5,2017,8
Gwangju,22.4,27.6,18.0,1004.4,1012.8,20.3,17.4,76,108.8,123.9,1.5,5.1,51.92,463.02,13.7,25.0,2017,9
Gwangju,17.0,22.1,12.8,1011.5,1020.1,14.7,11.8,75,85.4,99.9,1.5,5.0,52.33,392.99,8.0,17.5,2017,10
Gwangju,8.8,14.6,4.0,1014.5,1023.4,7.4,1.5,64,2.1,78.2,1.3,3.8,64.78,343.91,-2.8,8.6,2017,11
Gwangju,1.9,6.6,-1.9,1017.3,1026.5,4.6,-4.7,64,28.5,51.8,1.5,5.2,51.56,275.81,-7.9,1.1,2017,12
Gwangju,-0.2,4.5,-3.8,1015.4,1024.7,4.2,-6.4,67,38.8,48.9,1.5,4.7,54.42,292.12,-7.9,-0.3,2018,1
Gwangju,1.8,7.1,-2.8,1014.9,1024.0,3.8,-7.7,54,22.0,66.3,1.6,4.8,56.47,352.83,-9.3,1.2,2018,2
Gwangju,10.0,16.5,4.7,1011.4,1020.2,8.9,4.3,72,115.8,101.1,1.8,4.9,53.88,445.57,-0.4,10.2,2018,3
Gwangju,15.1,21.5,9.7,1007.4,1016.0,11.3,7.8,67,127.4,146.1,1.7,4.7,55.62,579.66,5.0,16.8,2018,4
Gwangju,19.5,25.0,14.8,1003.4,1011.8,16.8,13.9,74,85.4,150.6,1.6,5.9,43.49,581.84,10.7,22.2,2018,5
Gwangju,23.6,29.5,19.2,999.8,1008.0,21.0,17.9,74,222.4,170.5,1.5,6.0,47.17,630.27,16.1,29.7,2018,6
Gwangju,28.3,33.5,24.5,1000.2,1008.4,29.8,23.9,79,84.5,185.0,1.7,4.7,52.96,660.92,22.5,34.3,2018,7
Gwangju,28.4,33.7,24.9,999.0,1007.1,29.4,23.6,78,397.1,173.4,2.0,6.0,54.89,590.22,22.7,33.3,2018,8
Gwangju,21.6,26.3,18.0,1004.7,1013.0,20.0,17.0,78,129.7,119.7,1.5,6.2,42.79,461.03,15.1,22.7,2018,9
Gwangju,14.5,19.9,10.1,1010.4,1019.0,11.7,8.8,72,125.2,106.4,1.4,4.0,64.38,456.15,5.6,15.6,2018,10
Gwangju,9.9,15.5,5.3,1014.8,1023.6,8.5,3.7,70,47.2,73.3,1.0,3.8,63.5,335.3,1.4,9.4,2018,11
Gwangju,3.2,7.8,-0.6,1018.2,1027.3,5.2,-4.4,62,32.4,58.6,1.7,5.2,56.36,284.78,-3.5,2.8,2018,12
Gwangju,1.8,7.0,-2.1,1017.6,1026.7,4.1,-6.1,59,16.4,63.3,1.4,4.1,67.96,340.78,-5.6,1.2,2019,1
Gwangju,3.6,9.0,-0.7,1015.4,1024.4,4.6,-5.0,58,37.0,70.4,1.5,5.8,54.19,359.82,-3.8,3.7,2019,2
Gwangju,8.4,14.7,3.4,1009.5,1018.3,6.6,0.3,61,33.9,112.8,1.7,4.8,57.17,520.96,0.2,9.7,2019,3
Gwangju,13.0,18.8,8.4,1006.9,1015.5,10.0,5.6,67,84.7,122.7,1.5,5.8,44.35,499.58,5.4,15.4,2019,4
Gwangju,19.2,26.2,13.1,1004.2,1012.7,12.4,9.2,58,78.8,209.0,1.6,4.4,66.6,750.55,10.0,23.1,2019,5
Gwangju,22.0,27.4,17.9,999.0,1007.3,20.3,17.5,79,158.0,152.3,1.3,6.0,45.3,607.69,15.9,26.3,2019,6
Gwangju,25.3,29.4,22.4,998.3,1006.5,26.9,22.1,84,242.2,133.8,1.8,7.4,31.75,504.72,21.5,28.2,2019,7
Gwangju,27.0,31.3,23.8,998.9,1007.0,28.3,23.0,80,64.8,149.4,1.5,6.4,46.02,549.91,22.4,31.6,2019,8
Gwangju,22.9,27.2,19.6,1005.6,1013.9,23.0,19.3,82,165.8,107.2,1.6,6.5,39.13,417.03,17.9,25.3,2019,9
Gwangju,17.1,22.2,13.0,1010.0,1018.6,14.3,11.6,74,149.9,106.6,1.2,4.7,58.64,430.67,10.1,18.9,2019,10
Gwangju,10.8,16.9,6.0,1013.9,1022.7,8.8,4.0,66,22.8,80.2,1.2,4.1,62.46,337.05,3.3,11.0,2019,11
Gwangju,4.8,9.5,1.0,1016.9,1025.9,5.4,-2.5,62,31.6,53.9,1.3,5.2,55.06,242.93,-1.3,4.0,2019,12
Gwangju,4.6,9.0,1.2,1014.4,1023.4,5.9,-1.5,68,74.9,53.1,1.4,6.3,43.62,264.36,-1.0,4.1,2020,1
Gwangju,5.3,10.6,0.8,1016.0,1025.1,6.2,-1.3,67,47.8,67.0,1.4,4.9,55.87,346.78,-1.2,5.7,2020,2
Gwangju,9.0,15.2,3.8,1009.8,1018.6,6.6,-0.3,58,43.5,134.6,1.7,4.0,65.07,568.48,1.2,11.3,2020,3
Gwangju,11.5,18.0,6.2,1009.7,1018.4,6.9,0.4,52,55.3,172.7,1.8,3.3,70.76,686.9,2.7,16.5,2020,4
Gwangju,18.8,24.4,14.2,1002.3,1010.7,15.5,13.0,73,96.8,162.1,1.7,6.1,48.59,619.38,12.1,23.0,2020,5
Gwangju,23.6,28.8,19.6,998.4,1006.6,22.5,19.1,79,199.9,157.5,1.6,6.5,44.05,592.22,18.0,27.8,2020,6
Gwangju,23.4,26.8,20.8,998.5,1006.7,26.1,21.6,91,533.3,96.2,1.5,8.7,15.72,394.45,20.7,25.6,2020,7
Gwangju,27.6,31.6,24.8,1001.0,1009.2,32.5,25.4,89,738.1,130.9,2.2,6.6,40.71,501.73,24.2,30.2,2020,8
Gwangju,21.3,25.7,17.9,1003.4,1011.8,21.3,18.2,85,178.3,105.7,1.5,6.3,42.67,441.01,16.6,23.9,2020,9
Gwangju,15.7,21.2,11.2,1011.9,1020.5,11.4,8.0,64,12.1,122.3,1.2,4.6,65.01,477.99,7.2,18.8,2020,10
Gwangju,10.5,15.6,6.4,1016.3,1024.9,8.4,3.0,63,28.3,79.4,1.4,4.8,57.0,320.91,2.6,11.4,2020,11
Gwangju,2.7,7.8,-1.1,1017.8,1026.6,4.6,-4.8,62,18.7,59.1,1.4,4.8,61.15,299.96,-4.2,3.6,2020,12
Gwangju,1.4,6.4,-2.6,1015.9,1024.7,5.2,-3.8,71,33.0,52.3,1.5,5.7,52.43,304.64,-4.1,3.0,2021,1
Gwangju,5.1,10.7,0.4,1013.1,1021.8,5.3,-3.3,59,31.1,75.0,1.5,4.8,57.31,356.28,-3.1,5.7,2021,2
Gwangju,10.6,17.0,5.6,1011.1,1019.6,8.1,3.1,65,122.4,119.1,1.5,5.0,59.35,524.59,2.0,12.2,2021,3
Gwangju,14.9,20.9,9.7,1009.9,1018.2,8.3,3.2,52,34.2,168.1,1.4,5.1,58.67,622.29,6.2,18.6,2021,4
Gwangju,18.4,24.0,13.4,1001.5,1009.7,13.9,11.1,68,139.4,161.1,1.4,5.8,48.95,617.85,11.1,22.0,2021,5
Gwangju,23.3,28.3,19.2,999.7,1007.7,21.2,18.1,76,118.1,156.3,1.3,6.1,47.77,603.21,17.8,27.5,2021,6
Gwangju,27.0,31.4,23.6,1000.1,1008.0,28.8,23.3,82,227.6,152.7,1.5,6.6,41.23,566.24,22.4,31.6,2021,7
Gwangju,25.8,30.3,22.5,1000.2,1008.2,29.0,23.4,88,338.7,119.3,1.3,7.0,35.1,466.53,22.3,28.3,2021,8
Gwangju,22.9,27.2,19.5,1005.0,1013.1,23.1,19.7,84,131.1,98.3,1.5,7.1,34.65,389.17,18.8,24.9,2021,9
Gwangju,17.2,22.7,12.8,1012.7,1021.0,15.9,12.4,77,35.3,101.0,1.2,4.4,60.36,439.7,9.6,18.7,2021,10
Gwangju,10.2,15.8,5.8,1011.9,1020.4,9.6,6.0,78,85.8,64.9,1.0,4.7,56.9,310.83,2.0,10.0,2021,11
Gwangju,4.1,9.4,0.0,1016.7,1025.5,6.0,-1.1,71,7.1,54.2,1.2,4.4,57.11,288.88,-3.7,4.1,2021,12
Gwangju,1.6,6.7,-2.3,1016.2,1025.1,4.0,-6.3,59,0.3,58.0,1.2,4.8,61.03,327.51,-6.4,2.2,2022,1
Gwangju,1.8,7.2,-2.4,1017.5,1026.4,3.8,-6.8,56,2.7,72.8,1.5,4.7,64.94,395.79,-6.4,3.8,2022,2
Gwangju,9.6,15.6,4.5,1009.4,1017.9,8.3,2.8,68,105.2,79.0,1.4,5.4,45.61,434.2,0.8,11.5,2022,3
Gwangju,15.5,22.6,9.8,1008.8,1017.2,10.7,6.3,60,49.4,167.2,1.4,4.3,65.45,647.3,7.2,20.2,2022,4
Gwangju,19.3,26.1,13.8,1005.0,1013.1,12.8,9.9,59,0.4,207.2,1.3,3.9,68.55,770.49,10.2,26.5,2022,5
Gwangju,23.8,29.0,20.1,999.7,1007.7,24.2,20.1,83,131.7,149.7,1.9,6.5,38.21,570.73,19.5,28.6,2022,6
Gwangju,27.0,31.1,23.8,998.0,1005.9,30.8,24.5,88,169.0,140.2,1.5,6.6,40.98,552.07,23.8,29.9,2022,7
Gwangju,26.9,30.6,24.1,999.8,1007.7,31.9,24.9,90,106.4,116.7,1.8,7.3,32.02,454.3,24.3,30.4,2022,8
Gwangju,23.1,28.0,19.1,1004.1,1012.2,21.6,18.2,77,89.2,115.9,1.5,6.2,47.26,483.16,16.6,27.4,2022,9
Gwangju,16.0,21.6,11.4,1013.4,1021.7,11.9,8.6,65,38.3,116.5,1.1,4.0,66.83,459.57,6.8,18.8,2022,10
Gwangju,11.8,18.1,6.8,1012.9,1021.4,8.7,3.9,62,46.7,78.5,1.0,3.9,64.56,336.75,1.2,11.7,2022,11
Gwangju,1.1,5.5,-2.6,1016.4,1025.3,4.1,-6.0,63,30.6,51.9,1.2,5.0,54.92,275.78,-4.9,2.1,2022,12
Gwangju,1.7,6.7,-2.5,1016.3,1025.2,4.6,-5.4,62,26.8,56.0,1.2,4.3,59.46,320.32,-7.4,2.3,2023,1
Gwangju,4.2,10.1,-0.5,1016.9,1025.7,4.5,-5.2,55,14.8,76.5,1.1,4.4,60.17,383.37,-6.1,5.3,2023,2
Gwangju,11.2,18.2,5.1,1012.1,1020.7,6.3,-1.6,47,34.8,145.1,1.2,3.9,64.08,548.72,-0.2,13.6,2023,3
Gwangju,14.7,20.8,9.4,1007.0,1015.3,10.4,5.6,64,66.5,148.3,1.4,4.8,49.96,535.21,4.5,17.7,2023,4
Gwangju,19.4,25.0,14.9,1005.0,1013.2,16.4,13.6,74,190.1,148.2,1.2,5.9,44.77,589.17,11.4,23.0,2023,5
Gwangju,23.4,28.8,19.5,999.6,1007.6,22.4,19.0,80,441.2,158.0,1.1,6.2,48.34,624.15,17.0,27.7,2023,6
Gwangju,26.3,30.3,23.4,1000.2,1008.1,31.8,25.0,94,684.6,111.3,1.3,7.7,26.94,452.14,23.4,28.5,2023,7
Gwangju,27.3,32.0,24.0,997.5,1005.4,32.4,25.3,90,341.2,140.4,1.0,5.5,50.98,574.76,23.4,31.0,2023,8
Gwangju,23.8,28.3,20.4,1004.5,1012.6,25.7,21.4,88,152.5,110.7,1.0,6.1,42.93,463.48,19.0,26.5,2023,9
Gwangju,16.6,22.0,12.2,1010.9,1019.2,14.1,11.8,76,11.5,111.6,0.9,4.0,66.05,483.8,8.5,19.8,2023,10
Gwangju,9.9,14.9,5.4,1013.7,1022.2,10.0,5.1,75,71.9,64.4,1.3,4.8,53.03,293.97,2.3,10.8,2023,11
Gwangju,4.8,9.0,1.2,1016.1,1024.9,7.7,1.8,83,80.2,39.7,1.2,6.0,41.17,231.34,-1.3,5.9,2023,12
Gwangju,3.0,7.3,-0.5,1016.5,1025.3,5.9,-1.4,75,31.1,49.0,1.2,5.3,50.91,294.22,-3.9,4.1,2024,1
Gwangju,6.1,10.6,2.3,1015.1,1023.8,8.0,3.1,83,111.3,49.3,1.3,6.4,36.4,277.48,-1.2,7.0,2024,2
Gwangju,8.2,14.1,3.4,1010.3,1018.9,7.8,2.3,71,79.5,95.5,1.5,4.6,54.12,472.09,-0.9,10.8,2024,3
Gwangju,16.6,22.5,11.6,1005.3,1013.6,13.8,11.4,76,79.6,113.8,1.2,5.9,47.6,501.88,9.0,20.2,2024,4
Gwangju,19.2,25.3,14.0,1005.5,1013.7,15.7,13.3,73,102.0,175.1,1.4,4.0,64.5,707.88,10.6,25.4,2024,5
Gwangju,23.8,29.3,19.4,1000.3,1008.3,22.1,18.7,77,149.1,151.6,1.3,6.1,50.45,629.59,17.1,30.3,2024,6
Gwangju,26.9,30.5,24.3,999.7,1007.6,30.5,24.3,87,250.4,117.8,1.9,7.4,31.58,451.46,24.6,29.4,2024,7
Gwangju,28.5,33.5,24.9,999.3,1007.2,29.1,23.6,76,132.1,157.6,1.3,4.3,59.22,626.66,25.3,31.8,2024,8
Gwangju,26.3,31.0,22.5,1004.5,1012.5,25.4,21.1,75,181.4,131.2,1.1,5.0,50.32,479.05,21.5,29.7,2024,9
Gwangju,17.7,22.6,13.7,1011.2,1019.5,15.1,12.8,75,98.2,94.6,1.2,5.8,44.59,387.53,10.3,18.9,2024,10
Gwangju,11.5,16.5,7.5,1013.6,1022.1,9.6,5.3,68,66.5,74.6,1.3,4.8,54.1,312.84,3.7,11.5,2024,11
Gwangju,3.8,7.9,0.4,1015.4,1024.2,5.3,-2.2,67,9.8,51.0,1.2,5.1,53.66,273.77,-4.1,3.6,2024,12
Gwangju,1.9,6.8,-2.0,1015.9,1024.8,4.7,-3.9,68,19.0,53.1,1.2,4.2,60.94,318.57,-6.1,2.6,2025,1
Gwangju,1.1,5.7,-2.9,1016.4,1025.3,4.3,-5.4,65,25.7,63.4,1.5,4.7,59.04,383.03,-5.8,3.0,2025,2
Gwangju,9.5,15.7,4.5,1009.7,1018.3,7.2,1.3,60,34.2,105.3,1.7,4.9,53.09,425.09,1.3,10.9,2025,3
Busan,4.7,9.4,0.9,1013.9,1022.5,4.9,-4.9,53,50.7,63.8,3.1,3.3,69.09,302.41,-3.2,3.3,2015,1
Busan,5.4,10.2,1.4,1012.3,1021.0,5.1,-3.9,54,30.5,59.5,3.3,3.7,62.74,321.3,-2.7,5.4,2015,2
Busan,9.5,14.3,5.4,1012.0,1020.4,6.6,-0.5,54,76.5,103.3,3.5,3.1,73.94,518.86,1.0,10.3,2015,3
Busan,13.9,17.8,10.6,1008.0,1016.3,10.9,7.5,69,268.0,101.5,3.5,6.1,47.46,444.07,8.0,15.3,2015,4
Busan,18.8,22.9,15.4,1001.8,1009.9,14.4,11.9,67,183.0,148.7,3.0,4.3,63.93,644.85,12.6,22.0,2015,5
Busan,21.0,24.7,18.4,999.7,1007.7,19.9,17.2,80,69.2,101.4,2.6,7.2,37.39,462.18,16.3,24.9,2015,6
Busan,23.9,27.0,21.7,1000.0,1007.9,24.6,20.6,83,176.7,111.7,3.7,7.1,42.4,487.4,20.9,26.3,2015,7
Busan,26.1,29.3,23.5,1000.5,1008.3,26.5,22.0,79,132.5,133.5,3.0,5.7,52.35,508.25,21.3,29.6,2015,8
Busan,22.1,25.9,19.2,1005.6,1013.6,19.5,16.9,74,172.0,109.4,2.9,5.3,57.13,442.84,15.8,23.0,2015,9
Busan,18.1,22.9,14.4,1009.9,1018.1,13.0,10.1,62,62.0,113.6,2.9,2.4,79.83,450.76,9.9,18.2,2015,10
Busan,13.6,17.5,10.9,1013.8,1022.2,11.7,8.5,73,124.1,61.8,2.7,6.1,43.24,226.31,8.4,13.0,2015,11
Busan,7.9,12.4,4.4,1015.1,1023.7,6.7,-0.3,59,51.5,62.1,3.0,3.8,63.14,256.65,1.1,6.3,2015,12
Busan,3.1,7.6,-0.3,1014.1,1022.8,4.0,-7.3,49,59.5,70.0,3.5,3.3,66.83,286.39,-3.5,2.5,2016,1
Busan,5.5,10.4,1.3,1014.4,1023.0,4.7,-5.5,48,63.7,77.1,3.7,3.4,73.05,381.9,-1.9,5.9,2016,2
Busan,9.9,14.4,6.3,1012.4,1020.9,7.8,2.1,61,133.5,79.7,3.2,4.7,59.08,447.31,2.9,10.7,2016,3
Busan,15.1,19.2,11.9,1005.6,1013.8,11.0,7.8,66,198.5,100.8,3.2,5.2,54.53,495.68,8.7,16.5,2016,4
Busan,19.3,23.7,15.7,1004.0,1012.1,14.1,11.6,64,108.8,140.2,3.4,4.6,61.17,611.92,11.2,22.2,2016,5
Busan,21.9,25.3,19.5,1000.4,1008.3,21.0,18.0,80,115.2,115.5,2.9,6.7,39.03,470.74,16.9,25.9,2016,6
Busan,25.3,28.5,23.0,1000.9,1008.8,27.1,22.3,85,188.8,151.3,3.3,6.2,53.38,548.38,21.5,29.4,2016,7
Busan,27.7,31.8,24.6,997.8,1005.6,26.8,21.9,72,141.5,200.1,3.0,3.6,70.62,609.31,22.6,32.4,2016,8
Busan,22.9,26.3,20.7,1005.0,1013.0,22.2,18.9,80,407.9,100.5,2.6,7.2,35.54,329.17,18.6,24.1,2016,9
Busan,18.7,22.3,16.1,1010.0,1018.1,16.0,13.5,73,182.4,98.9,2.7,6.5,44.46,313.38,13.0,18.7,2016,10
Busan,11.8,16.4,8.3,1013.1,1021.5,9.0,3.7,61,56.6,89.7,2.8,4.1,57.94,272.68,4.8,11.1,2016,11
Busan,7.3,12.1,3.2,1014.2,1022.8,5.9,-2.3,54,103.8,86.6,3.1,3.4,67.85,271.89,0.3,6.4,2016,12
Busan,4.1,9.1,0.1,1014.5,1023.1,4.1,-7.2,46,12.0,93.9,3.3,2.7,77.13,320.0,-2.6,4.5,2017,1
Busan,5.5,10.8,0.9,1012.6,1021.2,4.3,-6.5,45,33.8,110.1,3.5,3.4,77.18,390.21,-1.2,7.1,2017,2
Busan,9.0,13.9,5.2,1010.1,1018.6,6.1,-0.9,53,35.7,128.8,3.1,4.6,53.1,476.77,2.8,11.8,2017,3
Busan,15.0,19.0,11.4,1004.8,1013.0,10.8,7.3,64,105.1,157.1,3.8,4.5,52.69,553.35,9.0,17.8,2017,4
Busan,19.0,23.7,15.4,1004.3,1012.4,13.7,11.1,63,39.2,197.7,3.3,4.6,70.36,672.18,13.2,23.7,2017,5
Busan,21.3,25.2,18.4,1001.0,1009.0,17.8,15.3,70,49.8,173.1,2.9,5.2,62.03,636.71,16.4,26.8,2017,6
Busan,26.1,29.2,23.6,1000.7,1008.6,27.5,22.6,82,172.1,157.3,3.5,6.8,44.49,553.72,22.9,29.9,2017,7
Busan,27.0,30.5,24.3,999.7,1007.5,26.2,21.5,74,82.5,166.8,2.9,6.2,54.48,511.56,22.4,30.4,2017,8
Busan,22.6,26.5,19.6,1004.4,1012.3,18.8,16.2,69,335.0,140.2,2.8,5.4,57.42,421.36,16.5,24.3,2017,9
Busan,18.1,22.3,15.1,1011.1,1019.3,14.4,11.6,68,138.3,109.3,2.9,5.9,51.24,299.12,12.2,18.4,2017,10
Busan,11.2,16.3,6.9,1013.1,1021.5,7.0,0.4,49,0.3,106.9,2.9,3.4,77.55,279.14,2.2,11.5,2017,11
Busan,3.6,8.6,-0.7,1015.4,1024.1,3.4,-9.5,40,10.6,93.5,3.0,2.2,82.57,304.82,-4.9,3.6,2017,12
Busan,1.9,6.5,-1.9,1013.4,1022.1,3.5,-9.9,45,40.9,83.7,3.1,3.5,72.55,311.47,-4.9,2.8,2018,1
Busan,3.9,8.9,-0.2,1013.2,1021.9,3.8,-8.9,42,52.5,98.0,3.5,3.6,74.2,349.31,-3.4,5.7,2018,2
Busan,10.0,14.5,6.0,1011.2,1019.6,7.8,2.5,63,206.1,107.6,3.9,4.2,57.41,325.17,3.6,11.4,2018,3
Busan,14.5,18.7,11.1,1007.5,1015.7,10.4,6.7,63,156.4,135.1,4.0,4.8,62.67,421.12,8.5,18.0,2018,4
Busan,17.8,21.5,15.0,1003.9,1012.0,14.9,12.3,73,155.8,80.8,3.8,6.2,49.83,265.31,12.4,21.2,2018,5
Busan,21.5,25.2,18.9,1000.4,1008.4,19.1,16.5,75,276.7,154.1,3.1,6.3,47.38,563.45,16.9,26.3,2018,6
Busan,26.7,30.2,23.9,1000.8,1008.7,26.9,22.2,78,122.1,128.8,3.0,4.4,64.07,446.43,22.5,32.9,2018,7
Busan,27.9,31.3,25.3,1000.1,1007.9,27.9,22.7,75,169.7,,3.5,5.3,62.31,,23.4,33.2,2018,8
Busan,21.9,25.3,19.5,1004.7,1012.7,20.1,17.2,76,308.4,62.3,3.0,7.2,38.18,202.97,16.9,23.6,2018,9
Busan,16.4,21.1,13.0,1009.5,1017.7,11.8,8.8,62,123.7,121.3,2.0,3.7,70.05,443.16,7.4,18.3,2018,10
Busan,12.4,17.5,8.9,1014.1,1022.5,8.4,3.4,57,107.3,99.8,2.3,3.3,68.9,334.54,2.0,12.3,2018,11
Busan,5.7,10.1,2.0,1016.3,1025.0,5.2,-5.5,49,59.0,89.9,2.9,4.3,63.59,292.19,-2.8,5.4,2018,12
Busan,4.5,9.6,0.5,1015.0,1023.7,3.4,-9.2,39,12.7,109.4,3.1,3.1,76.76,358.64,-4.8,5.2,2019,1
Busan,6.6,11.3,2.7,1013.7,1022.3,5.1,-4.1,50,51.5,98.7,2.9,5.3,66.05,379.2,-1.5,7.5,2019,2
Busan,10.5,15.1,6.7,1008.1,1016.4,7.0,1.0,54,75.4,148.1,3.6,4.4,69.0,547.76,1.8,12.2,2019,3
Busan,13.4,17.3,9.9,1006.6,1014.9,9.3,4.9,60,85.0,148.3,3.2,5.3,53.72,535.46,5.7,15.4,2019,4
Busan,19.3,23.6,15.7,1004.0,1012.1,12.9,10.0,58,76.1,220.2,3.3,4.6,69.62,749.14,10.2,21.7,2019,5
Busan,21.1,24.7,18.3,999.4,1007.4,18.4,15.9,74,324.3,161.8,2.6,6.2,54.1,620.06,15.0,24.0,2019,6
Busan,24.3,27.1,22.4,999.2,1007.1,25.7,21.3,85,358.9,145.4,3.7,7.2,43.49,544.77,20.5,26.4,2019,7
Busan,27.0,30.1,24.6,999.1,1006.9,27.7,22.6,78,156.3,174.0,3.1,5.8,57.37,594.42,22.4,29.8,2019,8
Busan,23.1,26.6,20.7,1006.4,1014.4,23.1,19.4,82,279.0,117.4,2.8,6.7,42.34,415.5,18.4,24.3,2019,9
Busan,18.6,22.8,15.5,1009.4,1017.6,14.6,11.8,67,139.9,133.0,3.0,4.6,64.16,421.23,11.3,18.9,2019,10
Busan,13.0,17.9,9.4,1013.0,1021.3,9.0,4.4,58,13.8,105.7,2.7,3.6,69.55,341.34,2.8,11.9,2019,11
Busan,7.0,11.7,3.4,1015.3,1023.9,5.4,-3.5,50,50.3,90.7,2.6,3.3,70.22,300.64,-3.2,5.5,2019,12
Busan,6.4,10.9,3.1,1012.8,1021.4,5.7,-2.3,57,127.7,79.1,3.0,5.1,59.06,283.59,-1.8,5.3,2020,1
Busan,7.1,11.8,3.1,1014.7,1023.3,6.0,-2.2,55,94.9,100.0,3.1,3.9,67.92,373.12,-2.5,7.1,2020,2
Busan,10.4,15.0,6.4,1008.5,1016.9,7.4,1.4,57,58.8,142.6,3.6,4.0,65.34,534.87,1.5,13.0,2020,3
Busan,12.6,17.5,8.9,1008.1,1016.4,7.6,2.2,53,83.5,187.4,3.7,3.7,66.75,649.75,3.6,17.2,2020,4
Busan,17.9,21.8,15.0,1002.5,1010.6,14.7,12.4,73,96.2,164.6,3.1,5.8,49.48,645.68,12.0,22.8,2020,5
Busan,22.4,26.6,19.5,998.5,1006.4,19.7,16.9,73,321.1,177.9,3.0,5.7,53.24,660.4,16.1,28.2,2020,6
Busan,22.1,24.8,20.3,999.3,1007.2,23.2,19.7,87,796.8,101.2,2.7,8.4,19.66,393.46,19.0,24.9,2020,7
Busan,27.2,30.4,24.8,1001.6,1009.5,29.5,23.8,82,399.2,167.3,4.0,5.9,49.44,582.67,23.0,31.4,2020,8
Busan,21.9,25.6,19.2,1002.6,1010.6,19.6,16.8,74,230.5,135.1,3.5,6.0,42.94,437.36,16.2,24.6,2020,9
Busan,17.3,22.2,13.8,1010.4,1018.6,11.5,8.4,58,26.4,149.2,2.8,4.2,62.78,462.44,8.1,20.6,2020,10
Busan,12.4,17.2,8.5,1014.5,1022.9,8.0,2.0,52,36.3,113.0,2.8,3.6,63.58,339.04,2.7,14.2,2020,11
Busan,4.3,9.3,0.5,1015.2,1023.9,3.8,-7.8,43,10.2,95.5,2.9,2.7,74.6,330.87,-5.7,6.1,2020,12
Busan,3.3,7.9,-0.8,1013.9,1022.6,4.5,-6.9,50,25.8,80.3,3.2,3.5,66.48,318.28,-5.9,4.8,2021,1
Busan,7.2,11.9,3.2,1010.9,1019.4,5.8,-3.3,51,49.5,108.9,3.7,3.6,66.95,393.23,-1.2,9.0,2021,2
Busan,11.4,15.9,7.7,1010.1,1018.5,8.6,4.2,64,127.5,131.0,3.3,5.1,57.97,515.26,3.7,14.0,2021,3
Busan,14.7,19.7,10.8,1009.3,1017.6,9.4,5.4,56,107.1,181.0,3.4,4.8,61.83,646.07,7.5,20.1,2021,4
Busan,17.7,21.5,14.7,1000.7,1008.9,13.7,10.9,68,139.2,164.9,3.5,6.0,43.9,585.96,11.3,22.1,2021,5
Busan,21.9,25.4,19.3,999.7,1007.7,19.7,17.1,76,232.3,165.9,2.6,6.1,47.89,630.93,15.9,27.9,2021,6
Busan,26.3,29.5,24.0,1000.2,1008.0,27.2,22.4,80,399.9,170.0,3.2,6.5,43.84,603.76,21.6,30.9,2021,7
Busan,26.2,29.4,23.8,999.8,1007.6,27.7,22.7,82,481.2,142.8,3.0,7.0,37.03,500.44,21.1,29.6,2021,8
Busan,22.9,26.4,20.5,1004.4,1012.4,21.8,18.8,79,164.7,109.7,3.0,7.3,26.47,367.94,17.9,24.9,2021,9
Busan,18.7,23.3,15.2,1011.0,1019.2,15.3,12.0,67,18.2,132.3,2.6,3.9,61.62,453.21,10.9,20.7,2021,10
Busan,12.5,17.4,8.6,1010.0,1018.4,8.2,3.5,56,57.9,113.0,3.0,2.6,71.2,359.73,4.5,12.1,2021,11
Busan,6.0,10.8,1.9,1014.3,1023.0,5.1,-4.3,50,4.5,93.8,3.0,1.9,75.72,339.36,-1.9,4.7,2021,12
Busan,4.0,9.2,0.0,1013.7,1022.4,3.5,-9.0,41,0.0,103.4,2.8,2.9,74.62,369.0,-3.7,3.4,2022,1
Busan,3.6,8.8,-0.5,1014.8,1023.5,3.6,-8.1,44,0.0,105.6,3.3,2.7,79.4,446.81,-3.6,5.6,2022,2
Busan,10.5,14.8,6.8,1008.3,1016.7,8.5,3.5,65,127.4,114.5,3.4,5.1,51.21,479.0,3.6,12.5,2022,3
Busan,14.9,19.1,11.4,1008.3,1016.6,10.8,7.3,64,130.6,160.2,3.3,4.4,59.55,611.32,7.8,18.4,2022,4
Busan,19.0,23.4,15.3,1003.8,1011.9,13.2,10.6,60,5.4,224.4,3.2,4.0,67.57,796.12,10.7,25.1,2022,5
Busan,21.7,24.9,19.4,1000.1,1008.1,22.0,18.6,84,152.0,137.6,4.3,6.3,40.11,554.45,17.4,26.9,2022,6
Busan,26.2,29.7,23.7,998.0,1005.8,28.3,23.0,84,145.0,156.1,2.6,6.1,43.84,622.11,21.5,31.0,2022,7
Busan,26.4,29.7,24.0,999.2,1007.1,28.0,22.7,81,176.7,157.3,3.7,6.7,39.2,524.39,21.9,31.1,2022,8
Busan,22.9,26.9,20.2,1003.4,1011.3,21.3,18.1,76,162.4,116.1,3.0,6.7,36.3,435.03,17.3,26.2,2022,9
Busan,17.6,22.7,14.0,1011.5,1019.7,13.3,10.3,64,9.7,141.1,3.1,4.2,59.95,459.77,9.5,21.4,2022,10
Busan,14.4,19.8,10.4,1010.8,1019.1,9.8,5.3,57,61.3,108.8,2.7,3.5,67.47,331.73,4.9,16.2,2022,11
Busan,3.3,8.1,-0.3,1013.3,1022.0,3.5,-8.5,44,21.4,95.2,3.3,2.9,73.65,332.4,-4.2,6.1,2022,12
Busan,3.8,8.9,-0.2,1013.2,1021.9,4.5,-6.8,49,79.2,92.1,3.2,2.5,74.74,362.71,-4.7,6.3,2023,1
Busan,6.8,11.8,2.9,1014.4,1023.0,5.6,-2.1,56,30.0,93.0,3.0,4.5,58.06,372.98,-2.0,10.9,2023,2
Busan,12.3,17.0,8.5,1010.5,1018.9,9.1,4.4,62,76.2,135.6,3.3,4.3,58.19,522.09,3.6,17.2,2023,3
Busan,14.6,19.0,11.0,1005.8,1014.1,11.3,7.9,67,101.6,154.5,3.8,4.6,55.18,577.61,6.4,19.9,2023,4
Busan,17.9,21.6,14.9,1004.8,1012.9,14.8,12.3,73,290.7,147.2,3.0,6.0,46.31,561.64,11.1,23.2,2023,5
Busan,22.5,26.0,19.9,999.8,1007.7,19.4,16.7,72,153.9,175.1,3.2,6.3,45.99,618.05,16.9,27.2,2023,6
Busan,25.5,28.5,23.3,1001.0,1008.9,26.2,21.8,81,701.7,149.5,3.5,7.0,32.44,513.02,21.9,29.1,2023,7
Busan,27.8,31.0,25.5,997.6,1005.4,27.1,22.4,73,299.9,187.7,3.1,5.6,51.05,592.52,23.1,32.5,2023,8
Busan,24.5,28.2,21.9,1004.2,1012.2,21.8,18.6,71,322.7,140.2,2.7,6.0,40.51,433.06,18.6,27.8,2023,9
Busan,18.3,23.3,14.9,1009.3,1017.5,10.8,7.6,52,4.2,171.8,2.8,3.5,67.64,491.43,8.6,22.9,2023,10
Busan,11.8,16.7,7.9,1011.5,1019.9,7.7,0.5,49,28.5,127.7,3.5,2.8,69.81,361.4,2.2,14.3,2023,11
Busan,6.4,10.8,2.7,1014.4,1023.0,5.7,-3.3,52,102.8,89.2,3.2,3.8,64.19,298.41,-2.8,8.9,2023,12
Busan,5.1,9.8,1.3,1014.1,1022.8,5.0,-4.5,53,40.6,90.2,3.2,3.3,68.49,342.85,-4.3,8.6,2024,1
Busan,7.4,11.5,4.2,1014.3,1022.9,7.2,1.4,68,137.1,73.0,3.5,6.1,35.17,278.68,0.8,10.5,2024,2
Busan,9.6,14.1,5.6,1008.7,1017.1,7.1,0.6,57,102.0,136.6,3.7,4.5,57.61,507.97,0.7,12.1,2024,3
Busan,15.9,20.2,12.6,1005.1,1013.3,12.2,9.6,68,166.8,128.6,2.7,5.7,46.71,527.18,7.2,17.6,2024,4
Busan,18.6,23.3,14.7,1004.6,1012.7,13.8,11.3,65,148.4,203.5,3.5,4.3,61.47,743.56,9.7,21.2,2024,5
Busan,22.6,26.4,19.7,999.7,1007.6,20.1,17.3,74,173.7,148.7,3.0,6.4,44.28,594.02,16.2,26.0,2024,6
Busan,26.0,29.0,23.8,999.7,1007.5,28.7,23.3,86,362.4,149.7,4.4,6.9,36.87,546.79,22.3,29.6,2024,7
Busan,29.1,32.9,26.3,998.5,1006.3,30.1,24.1,75,86.5,200.4,3.2,4.3,64.7,707.85,22.6,34.9,2024,8
Busan,26.7,30.8,23.9,1004.5,1012.4,26.2,21.6,75,420.3,152.1,2.8,4.9,52.6,516.15,19.9,29.7,2024,9
Busan,19.5,23.8,16.4,1010.6,1018.8,16.3,13.9,71,208.8,117.0,3.1,6.4,38.93,355.89,12.1,19.8,2024,10
Busan,13.7,18.3,10.4,1012.4,1020.8,9.8,5.5,60,99.1,109.3,3.2,3.7,57.03,322.67,4.3,13.1,2024,11
Busan,5.7,10.5,2.0,1013.0,1021.6,4.1,-6.3,43,0.0,109.3,3.4,2.4,80.03,347.86,-4.5,5.0,2024,12
Busan,4.0,8.8,0.2,1014.0,1022.7,3.8,-7.3,45,7.6,100.9,3.4,2.3,77.58,371.85,-7.3,4.1,2025,1
Busan,2.9,7.9,-1.2,1013.6,1022.3,3.3,-10.0,41,32.0,111.3,3.6,2.7,75.97,439.22,-6.8,4.6,2025,2
Busan,10.0,14.4,6.3,1008.8,1017.2,7.5,1.6,59,52.0,124.9,3.8,5.0,52.55,450.88,0.1,11.1,2025,3
