Year,Month,Province,Number of Households,Avg Power Consumption per Household (kWh),Avg Electricity Btill per Household (KRW),Number of Tropical Nights,Number of Heatwave Days,Number of Coldwave Days
2015,1,Busan,1558225,260,36195,0,0,0
2015,2,Busan,1559049,256,34946,0,0,0
2015,3,Busan,1559935,226,27443,0,0,0
2015,4,Busan,1561625,235,29409,0,0,0
2015,5,Busan,1562685,216,25024,0,0,0
2015,6,Busan,1568058,215,24966,0,0,0
2015,7,Busan,1570868,213,23707,4,0,0
2015,8,Busan,1573378,267,36677,7,1,0
2015,9,Busan,1575578,229,26680,0,0,0
2015,10,Busan,1575561,209,23410,0,0,0
2015,11,Busan,1576655,223,26721,0,0,0
2015,12,Busan,1577422,232,28880,0,0,0
2016,1,Busan,1578035,252,33857,0,0,0
2016,2,Busan,1578670,259,35655,0,0,0
2016,3,Busan,1581217,229,28131,0,0,0
2016,4,Busan,1583294,231,28347,0,0,0
2016,5,Busan,1583438,213,24309,0,0,0
2016,6,Busan,1590708,213,24608,0,0,0
2016,7,Busan,1592263,225,27490,8,0,0
2016,8,Busan,1592684,292,45463,22,9,0
2016,9,Busan,1592880,246,17642,0,0,0
2016,10,Busan,1593916,211,22586,0,0,0
2016,11,Busan,1597005,221,26251,0,0,0
2016,12,Busan,1598617,229,26348,0,0,0
2017,1,Busan,1601582,245,27558,0,0,0
2017,2,Busan,1601878,250,28339,0,0,0
2017,3,Busan,1607081,215,21528,0,0,0
2017,4,Busan,1608674,228,24170,0,0,0
2017,5,Busan,1612704,207,20568,0,0,0
2017,6,Busan,1615405,207,20445,0,0,0
2017,7,Busan,1616132,235,25430,5,0,0
2017,8,Busan,1617783,286,35934,14,6,0
2017,9,Busan,1622926,239,26167,0,0,0
2017,10,Busan,1624934,206,20312,0,0,0
2017,11,Busan,1627778,216,22036,0,0,0
2017,12,Busan,1629481,230,24623,0,0,0
2018,1,Busan,1630028,251,28548,0,0,0
2018,2,Busan,1632549,254,29166,0,0,0
2018,3,Busan,1634902,217,22290,0,0,0
2018,4,Busan,1636437,224,23408,0,0,0
2018,5,Busan,1640316,209,20747,0,0,0
2018,6,Busan,1641703,212,21256,0,0,0
2018,7,Busan,1642751,239,26315,17,9,0
2018,8,Busan,1646890,334,37124,20,9,0
2018,9,Busan,1649343,251,23816,0,0,0
2018,10,Busan,1649959,206,20063,0,0,0
2018,11,Busan,1655757,213,21502,0,0,0
2018,12,Busan,1656282,225,23470,0,0,0
2019,1,Busan,1658875,246,27453,0,0,0
2019,2,Busan,1660736,244,26971,0,0,0
2019,3,Busan,1662504,210,20903,0,0,0
2019,4,Busan,1666477,221,22827,0,0,0
2019,5,Busan,1668722,205,20107,0,0,0
2019,6,Busan,1673460,206,20206,0,0,0
2019,7,Busan,1678972,212,19216,5,0,0
2019,8,Busan,1678813,291,30607,19,3,0
2019,9,Busan,1679329,265,28287,3,0,0
2019,10,Busan,1682703,214,21544,0,0,0
2019,11,Busan,1688225,213,21377,0,0,0
2019,12,Busan,1690356,222,22998,0,0,0
2020,1,Busan,1692810,240,26621,0,0,0
2020,2,Busan,1695814,243,27035,0,0,0
2020,3,Busan,1697638,227,24090,0,0,0
2020,4,Busan,1701204,231,24828,0,0,0
2020,5,Busan,1701418,214,21771,0,0,0
2020,6,Busan,1704717,216,22054,0,0,0
2020,7,Busan,1705416,221,21000,0,0,0
2020,8,Busan,1704536,277,28599,14,4,0
2020,9,Busan,1707813,300,35631,1,0,0
2020,10,Busan,1707535,213,21455,0,0,0
2020,11,Busan,1708748,219,22432,0,0,0
2020,12,Busan,1714841,231,24643,0,0,0
2021,1,Busan,1716952,259,29547,0,0,1
2021,2,Busan,1717002,250,27727,0,0,0
2021,3,Busan,1719544,215,21305,0,0,0
2021,4,Busan,1721700,223,22741,0,0,0
2021,5,Busan,1726843,209,20396,0,0,0
2021,6,Busan,1728096,217,21543,0,0,0
2021,7,Busan,1731034,242,24276,17,0,0
2021,8,Busan,1730634,323,37161,8,3,0
2021,9,Busan,1730895,268,28709,0,0,0
2021,10,Busan,1733848,221,23435,0,0,0
2021,11,Busan,1736148,219,23105,0,0,0
2021,12,Busan,1738570,225,24124,0,0,0
2022,1,Busan,1737741,249,28506,0,0,0
2022,2,Busan,1717997,251,29315,0,0,0
2022,3,Busan,1722026,221,23670,0,0,0
2022,4,Busan,1726489,226,23949,0,0,0
2022,5,Busan,1728411,206,21192,0,0,0
2022,6,Busan,1730594,212,22059,0,0,0
2022,7,Busan,1733481,261,28750,8,0,0
2022,8,Busan,1737097,319,37149,16,1,0
2022,9,Busan,1736692,269,29837,2,0,0
2022,10,Busan,1736686,214,23354,0,0,0
2022,11,Busan,1737869,213,24144,0,0,0
2022,12,Busan,1739044,223,25746,0,0,0
2023,1,Busan,1740119,248,32034,0,0,1
2023,2,Busan,1742852,245,33159,0,0,0
2023,3,Busan,1743998,208,25983,0,0,0
2023,4,Busan,1746937,216,27512,0,0,0
2023,5,Busan,1752949,206,25758,0,0,0
2023,6,Busan,1756039,215,28518,0,0,0
2023,7,Busan,1759506,243,32493,7,1,0
2023,8,Busan,1763212,328,48406,20,8,0
2023,9,Busan,1764093,300,44699,0,0,0
2023,10,Busan,1764332,222,30677,0,0,0
2023,11,Busan,1766209,211,28233,0,0,0
2023,12,Busan,1766819,223,30527,0,0,0
2024,1,Busan,1768983,243,34755,0,0,0
2024,2,Busan,1772699,242,34557,0,0,0
2024,3,Busan,1776944,219,29933,0,0,0
2024,4,Busan,1777635,220,30140,0,0,0
2024,5,Busan,1778034,204,27059,0,0,0
2024,6,Busan,1780456,213,28761,0,0,0
2024,7,Busan,1781988,250,34155,10,0,0
2024,8,Busan,1783171,359,43332,29,15,0
2024,9,Busan,1784735,355,44686,16,7,0
2024,10,Busan,1785593,251,37009,0,0,0
2024,11,Busan,1787503,214,28665,0,0,0
2024,12,Busan,1788413,220,30004,0,0,0
2015,1,Daegu,1096699,253,34078,0,0,0
2015,2,Daegu,1097876,247,32514,0,0,0
2015,3,Daegu,1098950,220,25822,0,0,0
2015,4,Daegu,1102292,227,27401,0,0,0
2015,5,Daegu,1103860,209,23602,0,2,0
2015,6,Daegu,1106521,212,24250,0,2,0
2015,7,Daegu,1108467,212,23504,8,6,0
2015,8,Daegu,1112356,283,40956,2,11,0
2015,9,Daegu,1118526,223,25634,0,0,0
2015,10,Daegu,1121512,203,22244,0,0,0
2015,11,Daegu,1125525,218,25720,0,0,0
2015,12,Daegu,1129439,227,27748,0,0,0
2016,1,Daegu,1133232,242,31649,0,0,1
2016,2,Daegu,1138593,245,32548,0,0,0
2016,3,Daegu,1141162,219,26028,0,0,0
2016,4,Daegu,1143613,219,25953,0,0,0
2016,5,Daegu,1146168,203,22590,0,0,0
2016,6,Daegu,1149660,206,23452,0,1,0
2016,7,Daegu,1153750,221,26834,5,10,0
2016,8,Daegu,1156782,297,47988,9,21,0
2016,9,Daegu,1158525,244,16561,0,0,0
2016,10,Daegu,1160062,203,21082,0,0,0
2016,11,Daegu,1165313,214,24978,0,0,0
2016,12,Daegu,1165840,221,25079,0,0,0
2017,1,Daegu,1170692,235,25828,0,0,0
2017,2,Daegu,1171845,237,26229,0,0,0
2017,3,Daegu,1172737,207,20179,0,0,0
2017,4,Daegu,1177330,216,22175,0,0,0
2017,5,Daegu,1178188,200,19372,0,2,0
2017,6,Daegu,1179007,204,20025,0,6,0
2017,7,Daegu,1181549,241,26651,12,16,0
2017,8,Daegu,1185342,282,34795,7,9,0
2017,9,Daegu,1187956,230,24544,0,0,0
2017,10,Daegu,1190195,200,19209,0,0,0
2017,11,Daegu,1191551,212,21322,0,0,0
2017,12,Daegu,1191330,226,23699,0,0,0
2018,1,Daegu,1191886,243,26766,0,0,4
2018,2,Daegu,1192444,245,27196,0,0,0
2018,3,Daegu,1195718,212,21102,0,0,0
2018,4,Daegu,1195906,217,21995,0,0,0
2018,5,Daegu,1197426,202,19567,0,0,0
2018,6,Daegu,1199095,210,20753,0,4,0
2018,7,Daegu,1201754,241,26519,17,21,0
2018,8,Daegu,1202927,354,41611,9,15,0
2018,9,Daegu,1203337,246,20920,0,0,0
2018,10,Daegu,1202555,201,18968,0,0,0
2018,11,Daegu,1204711,213,21145,0,0,0
2018,12,Daegu,1205713,225,23020,0,0,0
2019,1,Daegu,1205130,243,26225,0,0,0
2019,2,Daegu,1205636,239,25645,0,0,0
2019,3,Daegu,1205500,208,20204,0,0,0
2019,4,Daegu,1205432,218,21926,0,0,0
2019,5,Daegu,1206690,203,19421,0,2,0
2019,6,Daegu,1206197,208,20086,0,5,0
2019,7,Daegu,1204857,217,19686,8,6,0
2019,8,Daegu,1203712,303,31675,13,16,0
2019,9,Daegu,1204238,263,26962,1,0,0
2019,10,Daegu,1205825,211,20570,0,0,0
2019,11,Daegu,1206544,214,21162,0,0,0
2019,12,Daegu,1205714,225,22841,0,0,0
2020,1,Daegu,1205330,242,26043,0,0,0
2020,2,Daegu,1206343,243,26319,0,0,0
2020,3,Daegu,1209408,229,23907,0,0,0
2020,4,Daegu,1210346,231,24388,0,0,0
2020,5,Daegu,1210674,216,21627,0,0,0
2020,6,Daegu,1211536,225,23090,0,7,0
2020,7,Daegu,1213348,230,22254,1,0,0
2020,8,Daegu,1213860,277,27646,15,24,0
2020,9,Daegu,1213655,307,35746,0,0,0
2020,10,Daegu,1213029,213,20858,0,0,0
2020,11,Daegu,1213173,222,22419,0,0,0
2020,12,Daegu,1212734,233,24309,0,0,0
2021,1,Daegu,1213769,260,28856,0,0,1
2021,2,Daegu,1214816,252,27285,0,0,0
2021,3,Daegu,1214843,218,21199,0,0,0
2021,4,Daegu,1216366,225,22376,0,0,0
2021,5,Daegu,1220023,211,20100,0,0,0
2021,6,Daegu,1221778,220,21559,0,2,0
2021,7,Daegu,1223107,245,23987,4,13,0
2021,8,Daegu,1225851,325,35970,5,8,0
2021,9,Daegu,1227672,254,25325,0,0,0
2021,10,Daegu,1229858,218,22381,0,0,0
2021,11,Daegu,1229480,223,23298,0,0,0
2021,12,Daegu,1219772,231,24788,0,0,0
2022,1,Daegu,1220497,251,28788,0,0,0
2022,2,Daegu,1220904,252,28904,0,0,0
2022,3,Daegu,1219746,223,23365,0,0,0
2022,4,Daegu,1221948,228,23589,0,0,0
2022,5,Daegu,1225740,208,21053,0,4,0
2022,6,Daegu,1227517,222,23341,3,11,0
2023,1,Daegu,1249247,250,31833,0,0,1
2023,2,Daegu,1251683,245,32833,0,0,0
2023,3,Daegu,1254773,209,25894,0,0,0
2023,4,Daegu,1257144,215,26978,0,0,0
2023,5,Daegu,1259016,205,25308,0,1,0
2023,6,Daegu,1260614,217,28695,0,3,0
2023,7,Daegu,1264992,253,34176,3,9,0
2023,8,Daegu,1282781,330,47872,8,14,0
2023,9,Daegu,1285395,294,42379,0,0,0
2023,10,Daegu,1289847,217,29374,0,0,0
2023,11,Daegu,1293382,211,28149,0,0,0
2023,12,Daegu,1295295,224,30562,0,0,0
2024,1,Daegu,1298246,243,34660,0,0,0
2024,2,Daegu,1300410,241,34104,0,0,0
2024,3,Daegu,1301220,219,29643,0,0,0
2024,4,Daegu,1306289,218,29523,0,0,0
2024,5,Daegu,1309985,201,26483,0,0,0
2024,6,Daegu,1310739,216,29238,0,8,0
2024,7,Daegu,1312068,264,29804,16,11,0
2024,8,Daegu,1315238,362,20058,15,26,0
2024,9,Daegu,1316842,347,19535,5,8,0
2024,10,Daegu,1318787,248,28618,0,0,0
2024,11,Daegu,1320128,213,28448,0,0,0
2024,12,Daegu,1321753,221,30049,0,0,0
2022,7,Daegu,1229277,290,33502,10,18,0
2022,8,Daegu,1231359,330,37654,15,11,0
2022,9,Daegu,1233449,269,28802,0,1,0
2022,10,Daegu,1237344,213,22725,0,0,0
2022,11,Daegu,1245348,216,24282,0,0,0
2022,12,Daegu,1246549,227,26044,0,0,0
2015,1,Daejeon,713378,241,31178,0,0,0
2015,2,Daejeon,713979,237,30162,0,0,1
2015,3,Daejeon,714346,208,23451,0,0,0
2015,4,Daejeon,714974,218,25402,0,0,0
2015,5,Daejeon,715424,201,21921,0,0,0
2015,6,Daejeon,716155,205,22667,0,1,0
2015,7,Daejeon,717291,207,22379,3,2,0
2015,8,Daejeon,719308,257,32878,4,9,0
2015,9,Daejeon,720772,218,24056,0,0,0
2015,10,Daejeon,722032,195,20478,0,0,0
2015,11,Daejeon,722624,210,23853,0,0,0
2015,12,Daejeon,725096,218,25822,0,0,0
2016,1,Daejeon,726661,232,29123,0,0,3
2016,2,Daejeon,729283,236,30225,0,0,0
2016,3,Daejeon,729682,211,24286,0,0,0
2016,4,Daejeon,729972,210,24071,0,0,0
2016,5,Daejeon,730263,195,20967,0,0,0
2016,6,Daejeon,732633,200,21810,0,0,0
2016,7,Daejeon,733355,214,24674,7,6,0
2016,8,Daejeon,733916,282,42950,14,23,0
2016,9,Daejeon,735188,241,16153,0,0,0
2016,10,Daejeon,737152,194,19139,0,0,0
2016,11,Daejeon,739413,206,23297,0,0,0
2016,12,Daejeon,740663,214,23625,0,0,0
2017,1,Daejeon,742263,227,24108,0,0,0
2017,2,Daejeon,744737,230,24848,0,0,0
2017,3,Daejeon,745630,198,18633,0,0,0
2017,4,Daejeon,746282,208,20653,0,0,0
2017,5,Daejeon,747930,191,17992,0,0,0
2017,6,Daejeon,749020,192,18009,0,4,0
2017,7,Daejeon,749546,219,22333,11,5,0
2017,8,Daejeon,751460,268,31566,7,5,0
2017,9,Daejeon,752119,217,21942,0,0,0
2017,10,Daejeon,753319,190,17554,0,0,0
2017,11,Daejeon,753857,201,19280,0,0,0
2017,12,Daejeon,754587,216,21798,0,0,0
2018,1,Daejeon,757749,231,24623,0,0,6
2018,2,Daejeon,759301,235,25448,0,0,3
2018,3,Daejeon,759918,200,19379,0,0,0
2018,4,Daejeon,761217,206,20336,0,0,0
2018,5,Daejeon,763009,191,17990,0,0,0
2018,6,Daejeon,763807,197,18811,0,1,0
2018,7,Daejeon,764457,217,21989,17,17,0
2018,8,Daejeon,765166,332,38616,18,19,0
2018,9,Daejeon,765943,243,20414,0,0,0
2018,10,Daejeon,766866,187,16987,0,0,0
2018,11,Daejeon,767639,196,18829,0,0,0
2018,12,Daejeon,768533,210,20826,0,0,0
2019,1,Daejeon,769534,229,24197,0,0,0
2019,2,Daejeon,770004,227,23839,0,0,0
2019,3,Daejeon,770030,198,18799,0,0,0
2019,4,Daejeon,770235,209,20584,0,0,0
2019,5,Daejeon,770163,191,17850,0,0,0
2019,6,Daejeon,770061,194,18208,0,1,0
2020,1,Daejeon,779668,224,23499,0,0,0
2020,2,Daejeon,779990,225,23798,0,0,0
2020,3,Daejeon,781226,210,21133,0,0,0
2020,4,Daejeon,780729,215,22027,0,0,0
2020,5,Daejeon,782774,199,19347,0,0,0
2020,6,Daejeon,782461,206,20237,0,3,0
2020,7,Daejeon,782387,215,20448,0,0,0
2020,8,Daejeon,782198,247,22697,17,10,0
2020,9,Daejeon,782823,287,31857,0,0,0
2020,10,Daejeon,782895,199,19037,0,0,0
2020,11,Daejeon,783452,208,20529,0,0,0
2020,12,Daejeon,785231,217,22094,0,0,1
2021,1,Daejeon,785115,244,26435,0,0,4
2021,2,Daejeon,785595,239,25654,0,0,0
2021,3,Daejeon,785755,203,19313,0,0,0
2021,4,Daejeon,785582,212,20810,0,0,0
2021,5,Daejeon,788383,197,18417,0,0,0
2021,6,Daejeon,788831,207,19732,0,0,0
2021,7,Daejeon,780409,230,23196,11,16,0
2021,8,Daejeon,786124,318,36882,4,5,0
2021,9,Daejeon,787918,246,24861,0,0,0
2021,10,Daejeon,789208,203,20578,0,0,0
2021,11,Daejeon,789851,207,21410,0,0,0
2021,12,Daejeon,790402,214,22387,0,0,2
2022,1,Daejeon,790611,235,26326,0,0,0
2022,2,Daejeon,790812,237,26779,0,0,0
2022,3,Daejeon,790900,208,21521,0,0,0
2022,4,Daejeon,790677,216,22071,0,0,0
2022,5,Daejeon,791172,194,19317,0,0,0
2022,6,Daejeon,792555,200,20223,2,4,0
2022,7,Daejeon,792378,254,27762,6,11,0
2022,8,Daejeon,791264,304,33306,9,5,0
2022,9,Daejeon,791349,258,26935,0,2,0
2022,10,Daejeon,791544,203,21468,0,0,0
2022,11,Daejeon,794329,204,22748,0,0,0
2022,12,Daejeon,794615,213,24126,0,0,1
2023,1,Daejeon,795389,238,29910,0,0,1
2023,2,Daejeon,795499,235,31302,0,0,0
2023,3,Daejeon,796919,198,24456,0,0,0
2023,4,Daejeon,796992,205,25728,0,0,0
2023,5,Daejeon,797035,194,23889,0,0,0
2023,6,Daejeon,798727,203,26525,0,3,0
2023,7,Daejeon,801354,235,31395,2,7,0
2023,8,Daejeon,801636,307,42923,6,15,0
2023,9,Daejeon,801741,292,41555,0,0,0
2023,10,Daejeon,803093,209,28008,0,0,0
2023,11,Daejeon,805787,201,26563,0,0,0
2023,12,Daejeon,806623,212,28528,0,0,2
2024,1,Daejeon,808018,231,32462,0,0,1
2024,2,Daejeon,809324,231,32479,0,0,0
2024,3,Daejeon,811132,207,27765,0,0,0
2024,4,Daejeon,811573,208,28003,0,0,0
2024,5,Daejeon,814161,190,24877,0,0,0
2024,6,Daejeon,814515,201,26879,0,6,0
2024,7,Daejeon,815344,235,31707,11,5,0
2024,8,Daejeon,816823,328,22987,19,21,0
2024,9,Daejeon,817899,341,25080,6,11,0
2024,10,Daejeon,823466,244,35660,0,0,0
2024,11,Daejeon,823750,199,26342,0,0,0
2024,12,Daejeon,823823,207,27752,0,0,0
2019,7,Daejeon,772073,199,17729,10,5,0
2019,8,Daejeon,773230,274,26751,12,12,0
2019,9,Daejeon,775669,250,24744,1,0,0
2019,10,Daejeon,776912,196,18441,0,0,0
2019,11,Daejeon,776934,199,18951,0,0,0
2019,12,Daejeon,779323,208,20481,0,0,0
2015,1,Gwangju,678073,252,33309,0,0,0
2015,2,Gwangju,679114,249,32592,0,0,0
2015,3,Gwangju,679619,220,25687,0,0,0
2015,4,Gwangju,680175,229,27583,0,0,0
2015,5,Gwangju,680888,213,24064,0,1,0
2015,6,Gwangju,681780,213,24143,0,0,0
2015,7,Gwangju,682300,215,23700,5,5,0
2015,8,Gwangju,683546,263,33616,6,8,0
2015,9,Gwangju,684629,229,25947,0,0,0
2015,10,Gwangju,685884,207,22337,0,0,0
2015,11,Gwangju,687916,220,25760,0,0,0
2015,12,Gwangju,688487,230,27942,0,0,0
2016,1,Gwangju,688758,245,31621,0,0,0
2016,2,Gwangju,689086,250,33009,0,0,0
2016,3,Gwangju,691744,224,26530,0,0,0
2016,4,Gwangju,692420,224,26607,0,0,0
2016,5,Gwangju,692479,209,23361,0,0,0
2016,6,Gwangju,693790,211,23752,0,0,0
2016,7,Gwangju,695546,224,26518,11,9,0
2016,8,Gwangju,696300,290,43715,16,21,0
2016,9,Gwangju,697672,254,18270,0,1,0
2016,10,Gwangju,697026,209,21143,0,0,0
2016,11,Gwangju,698432,221,25569,0,0,0
2016,12,Gwangju,701672,227,25840,0,0,0
2017,1,Gwangju,702509,241,26248,0,0,0
2017,2,Gwangju,704158,245,26999,0,0,0
2017,3,Gwangju,703740,213,20735,0,0,0
2017,4,Gwangju,705177,225,23115,0,0,0
2017,5,Gwangju,707378,206,19971,0,1,0
2017,6,Gwangju,709359,207,20118,0,5,0
2017,7,Gwangju,709785,231,23976,13,13,0
2017,8,Gwangju,710125,298,37226,9,10,0
2017,9,Gwangju,712141,240,25721,0,0,0
2017,10,Gwangju,713745,205,19756,0,0,0
2017,11,Gwangju,715309,216,21631,0,0,0
2017,12,Gwangju,718617,228,23667,0,0,0
2018,1,Gwangju,719546,245,26740,0,0,0
2018,2,Gwangju,720560,248,27404,0,0,0
2018,3,Gwangju,720663,215,21331,0,0,0
2018,4,Gwangju,720790,221,22521,0,0,0
2018,5,Gwangju,723565,207,20142,0,0,0
2018,6,Gwangju,723383,212,20945,0,2,0
2018,7,Gwangju,723869,236,24928,16,20,0
2018,8,Gwangju,723684,345,40008,14,21,0
2018,9,Gwangju,723714,270,23744,0,0,0
2018,10,Gwangju,725344,207,19665,0,0,0
2018,11,Gwangju,727635,217,21625,0,0,0
2018,12,Gwangju,731690,225,22960,0,0,0
2019,1,Gwangju,734126,242,26085,0,0,0
2019,2,Gwangju,735803,240,25858,0,0,0
2019,3,Gwangju,736541,211,20651,0,0,0
2019,4,Gwangju,739387,221,22584,0,0,0
2019,5,Gwangju,739451,207,20096,0,0,0
2019,6,Gwangju,739223,209,20343,0,0,0
2019,7,Gwangju,740462,218,19942,8,0,0
2019,8,Gwangju,743193,294,29756,14,12,0
2019,9,Gwangju,743735,264,29013,0,0,0
2019,10,Gwangju,744446,213,20929,0,0,0
2019,11,Gwangju,746363,213,21079,0,0,0
2019,12,Gwangju,747051,223,22647,0,0,0
2020,1,Gwangju,747606,240,25894,0,0,0
2020,2,Gwangju,748222,242,26306,0,0,0
2020,3,Gwangju,748985,226,23514,0,0,0
2020,4,Gwangju,752517,230,24332,0,0,0
2020,5,Gwangju,752566,216,21872,0,0,0
2020,6,Gwangju,754051,222,22611,0,2,0
2020,7,Gwangju,755194,229,21952,0,0,0
2020,8,Gwangju,754959,282,28076,16,11,0
2020,9,Gwangju,754799,309,36069,0,0,0
2020,10,Gwangju,756417,216,21554,0,0,0
2020,11,Gwangju,757159,221,22441,0,0,0
2020,12,Gwangju,758879,232,24371,0,0,0
2021,1,Gwangju,758548,259,28742,0,0,1
2021,2,Gwangju,760593,251,27180,0,0,0
2021,3,Gwangju,760166,217,21295,0,0,0
2021,4,Gwangju,761634,224,22602,0,0,0
2021,5,Gwangju,763368,212,20515,0,0,0
2021,6,Gwangju,763947,221,21817,0,0,0
2021,7,Gwangju,760941,250,25704,7,9,0
2021,8,Gwangju,761518,333,38519,1,5,0
2021,9,Gwangju,762210,270,28623,0,0,0
2021,10,Gwangju,763402,225,23680,0,0,0
2021,11,Gwangju,764926,224,23578,0,0,0
2021,12,Gwangju,770519,228,24425,0,0,0
2022,1,Gwangju,774491,248,28254,0,0,0
2022,2,Gwangju,774582,248,28314,0,0,0
2022,3,Gwangju,775540,220,23161,0,0,0
2022,4,Gwangju,776955,225,23564,0,0,0
2022,5,Gwangju,778855,205,20943,0,0,0
2022,6,Gwangju,779208,214,22148,2,4,0
2022,7,Gwangju,779834,270,29691,10,9,0
2022,8,Gwangju,779873,321,35864,14,4,0
2022,9,Gwangju,780579,277,30120,1,2,0
2022,10,Gwangju,781375,218,23700,0,0,0
2022,11,Gwangju,782606,214,24150,0,0,0
2022,12,Gwangju,782439,225,25618,0,0,0
2023,1,Gwangju,783091,247,31153,0,0,1
2023,2,Gwangju,783318,241,32016,0,0,0
2023,3,Gwangju,786074,207,25782,0,0,0
2023,4,Gwangju,787353,215,27077,0,0,0
2023,5,Gwangju,789482,205,25451,0,0,0
2023,6,Gwangju,790308,214,28225,0,2,0
2024,1,Gwangju,797850,242,34194,0,0,0
2024,2,Gwangju,798544,240,33731,0,0,0
2024,3,Gwangju,799295,218,29525,0,0,0
2024,4,Gwangju,799445,219,29743,0,0,0
2024,5,Gwangju,799973,204,26982,0,0,0
2024,6,Gwangju,801321,213,29000,0,3,0
2024,7,Gwangju,800985,255,34828,15,5,0
2024,8,Gwangju,802125,355,25572,16,21,0
2024,9,Gwangju,802173,353,27014,6,8,0
2024,10,Gwangju,802460,259,38387,0,0,0
2024,11,Gwangju,804343,212,28318,0,0,0
2024,12,Gwangju,803895,222,30067,0,0,0
2023,7,Gwangju,791540,249,33280,5,6,0
2023,8,Gwangju,794785,327,46807,9,12,0
2023,9,Gwangju,795186,298,43101,0,0,0
2023,10,Gwangju,795538,220,29852,0,0,0
2023,11,Gwangju,796687,211,28080,0,0,0
2023,12,Gwangju,796826,224,30326,0,0,0
2015,1,Incheon,1218353,257,35128,0,0,0
2015,2,Incheon,1219105,252,33763,0,0,0
2015,3,Incheon,1222001,222,26327,0,0,0
2015,4,Incheon,1224395,231,28427,0,0,0
2015,5,Incheon,1224070,215,24763,0,0,0
2015,6,Incheon,1229105,219,25726,0,0,0
2015,7,Incheon,1230932,225,25900,3,0,0
2015,8,Incheon,1233738,274,38074,8,1,0
2015,9,Incheon,1236471,239,28943,0,0,0
2015,10,Incheon,1240627,212,23886,0,0,0
2015,11,Incheon,1245796,225,27216,0,0,0
2015,12,Incheon,1247565,234,29260,0,0,0
2016,1,Incheon,1248697,251,33508,0,0,3
2016,2,Incheon,1249677,254,34328,0,0,0
2016,3,Incheon,1250597,228,27633,0,0,0
2016,4,Incheon,1253229,228,27693,0,0,0
2016,5,Incheon,1256822,213,24399,0,0,0
2016,6,Incheon,1257446,217,25252,0,0,0
2016,7,Incheon,1261488,231,28968,9,0,0
2016,8,Incheon,1263229,309,50849,24,8,0
2016,9,Incheon,1266310,260,20169,0,0,0
2016,10,Incheon,1268361,211,22380,0,0,0
2016,11,Incheon,1272154,223,26715,0,0,0
2016,12,Incheon,1272723,232,27087,0,0,0
2017,1,Incheon,1277795,247,27937,0,0,0
2017,2,Incheon,1279697,251,28495,0,0,0
2017,3,Incheon,1284668,217,21910,0,0,0
2017,4,Incheon,1287784,226,23882,0,0,0
2017,5,Incheon,1293173,209,21045,0,0,0
2017,6,Incheon,1297288,211,21339,0,0,0
2017,7,Incheon,1305372,243,27289,8,0,0
2017,8,Incheon,1309541,296,38546,10,2,0
2017,9,Incheon,1315207,233,25312,0,0,0
2017,10,Incheon,1317417,207,20737,0,0,0
2017,11,Incheon,1318642,220,22859,0,0,0
2017,12,Incheon,1319532,236,25765,0,0,0
2018,1,Incheon,1319610,253,28854,0,0,6
2018,2,Incheon,1324692,257,29586,0,0,0
2018,3,Incheon,1327554,219,22661,0,0,0
2018,4,Incheon,1334066,225,23679,0,0,0
2018,5,Incheon,1336511,210,21229,0,0,0
2018,6,Incheon,1337262,215,21984,0,0,0
2018,7,Incheon,1341628,241,27168,11,6,0
2018,8,Incheon,1345852,365,44283,16,14,0
2018,9,Incheon,1349669,259,25272,0,0,0
2018,10,Incheon,1352400,207,20462,0,0,0
2018,11,Incheon,1356283,220,22734,0,0,0
2018,12,Incheon,1361775,231,24729,0,0,1
2019,1,Incheon,1366057,251,28258,0,0,0
2019,2,Incheon,1367100,247,27363,0,0,0
2019,3,Incheon,1369464,215,21687,0,0,0
2019,4,Incheon,1370658,226,23615,0,0,0
2019,5,Incheon,1373257,209,20841,0,0,0
2019,6,Incheon,1375232,212,21196,0,0,0
2019,7,Incheon,1379550,228,21854,4,2,0
2019,8,Incheon,1384447,314,35128,11,7,0
2019,9,Incheon,1386296,267,29117,1,0,0
2019,10,Incheon,1387311,214,21620,0,0,0
2019,11,Incheon,1392684,218,22281,0,0,0
2019,12,Incheon,1393151,231,24521,0,0,0
2020,1,Incheon,1395640,246,27528,0,0,0
2020,2,Incheon,1398843,245,27435,0,0,0
2020,3,Incheon,1401555,230,24584,0,0,0
2020,4,Incheon,1403509,232,25213,0,0,0
2020,5,Incheon,1405882,218,22596,0,0,0
2020,6,Incheon,1407041,225,23657,0,0,0
2020,7,Incheon,1408358,233,22964,0,0,0
2020,8,Incheon,1412704,280,29259,7,1,0
2020,9,Incheon,1414436,292,34128,0,0,0
2020,10,Incheon,1416018,217,22384,0,0,0
2020,11,Incheon,1421477,226,23869,0,0,0
2020,12,Incheon,1422918,241,26621,0,0,0
2021,1,Incheon,1428581,268,31296,0,0,3
2021,2,Incheon,1432139,257,29090,0,0,0
2021,3,Incheon,1433628,222,22564,0,0,0
2021,4,Incheon,1438517,228,23652,0,0,0
2021,5,Incheon,1439554,216,21563,0,0,0
2021,6,Incheon,1442128,224,22860,0,0,0
2021,7,Incheon,1438852,270,29753,19,8,0
2021,8,Incheon,1445400,368,46625,3,0,0
2021,9,Incheon,1448763,269,28966,0,0,0
2021,10,Incheon,1449740,228,24755,0,0,0
2021,11,Incheon,1454431,231,25077,0,0,0
2021,12,Incheon,1458383,238,26419,0,0,2
2022,1,Incheon,1472121,260,30823,0,0,0
2022,2,Incheon,1473401,258,30267,0,0,0
2022,3,Incheon,1478842,228,24751,0,0,0
2022,4,Incheon,1473840,231,24763,0,0,0
2022,5,Incheon,1476685,211,22000,0,0,0
2022,6,Incheon,1480225,219,23278,0,0,0
2022,7,Incheon,1485904,278,31722,7,2,0
2022,8,Incheon,1489684,334,39769,8,0,0
2022,9,Incheon,1491688,269,29758,0,0,0
2022,10,Incheon,1494613,222,24798,0,0,0
2022,11,Incheon,1495668,224,25988,0,0,0
2022,12,Incheon,1505587,236,28165,0,0,3
2023,1,Incheon,1513232,259,34373,0,0,2
2023,2,Incheon,1514791,251,34418,0,0,0
2023,3,Incheon,1516351,216,27611,0,0,0
2023,4,Incheon,1526056,221,28497,0,0,0
2023,5,Incheon,1527258,211,26882,0,0,0
2023,6,Incheon,1533782,220,29863,0,0,0
2023,7,Incheon,1537868,267,37521,7,1,0
2023,8,Incheon,1542839,349,53252,14,2,0
2023,9,Incheon,1545956,300,44924,1,0,0
2023,10,Incheon,1548536,226,25292,0,0,0
2023,11,Incheon,1550226,222,24528,0,0,0
2023,12,Incheon,1552739,238,27049,0,0,3
2024,1,Incheon,1553748,258,30582,0,0,1
2024,2,Incheon,1556279,252,29560,0,0,0
2024,3,Incheon,1558077,228,25379,0,0,0
2024,4,Incheon,1560196,225,25022,0,0,0
2024,5,Incheon,1568401,210,28290,0,0,0
2024,6,Incheon,1573175,223,24755,0,0,0
2024,7,Incheon,1575910,271,30471,11,1,0
2024,8,Incheon,1578747,382,16180,25,11,0
2024,9,Incheon,1584440,361,15614,10,1,0
2024,10,Incheon,1585281,248,29127,0,0,0
2024,11,Incheon,1590326,220,24192,0,0,0
2024,12,Incheon,1593765,234,32979,0,0,0
2015,1,Ulsan,510779,259,35380,0,0,0
2015,2,Ulsan,510883,256,34522,0,0,0
2015,3,Ulsan,512839,224,26588,0,0,0
2015,4,Ulsan,515044,235,29088,0,0,0
2015,5,Ulsan,515648,218,25110,0,0,0
2015,6,Ulsan,519656,217,25103,0,0,0
2015,7,Ulsan,521045,215,24061,8,6,0
2015,8,Ulsan,521426,281,39291,6,10,0
2015,9,Ulsan,522525,237,29275,0,0,0
2015,10,Ulsan,522943,212,23603,0,0,0
2015,11,Ulsan,524868,226,27075,0,0,0
2015,12,Ulsan,526029,233,28881,0,0,0
2016,1,Ulsan,526427,249,33018,0,0,0
2016,2,Ulsan,527257,256,34725,0,0,0
2016,3,Ulsan,527871,228,27566,0,0,0
2016,4,Ulsan,528610,231,28224,0,0,0
2016,5,Ulsan,528679,213,24356,0,0,0
2016,6,Ulsan,529366,215,24696,0,0,0
2016,7,Ulsan,529371,226,27036,5,6,0
2016,8,Ulsan,529608,293,45932,8,8,0
2016,9,Ulsan,531073,256,17904,0,0,0
2016,10,Ulsan,532742,213,22542,0,0,0
2016,11,Ulsan,534981,222,26432,0,0,0
2016,12,Ulsan,535288,225,26144,0,0,0
2017,1,Ulsan,536272,242,27123,0,0,0
2017,2,Ulsan,536625,245,27623,0,0,0
2017,3,Ulsan,537567,213,21401,0,0,0
2017,4,Ulsan,541069,226,23956,0,0,0
2017,5,Ulsan,543706,206,20601,0,1,0
2017,6,Ulsan,545677,206,20750,0,0,0
2017,7,Ulsan,546471,231,25142,8,11,0
2017,8,Ulsan,546986,289,36587,5,7,0
2017,9,Ulsan,547576,242,27072,0,0,0
2017,10,Ulsan,549364,205,20461,0,0,0
2017,11,Ulsan,550719,216,22313,0,0,0
2017,12,Ulsan,552496,226,24217,0,0,0
2018,1,Ulsan,552754,246,27824,0,0,1
2018,2,Ulsan,553549,249,28409,0,0,0
2018,3,Ulsan,555132,213,21908,0,0,0
2018,4,Ulsan,556298,220,23197,0,0,0
2018,5,Ulsan,557013,206,20644,0,0,0
2018,6,Ulsan,557349,211,21507,0,1,0
2018,7,Ulsan,557593,231,25036,12,14,0
2018,8,Ulsan,558544,338,39625,10,8,0
2018,9,Ulsan,559903,254,22797,0,0,0
2018,10,Ulsan,562808,204,20079,0,0,0
2018,11,Ulsan,568179,210,21482,0,0,0
2018,12,Ulsan,569296,218,22825,0,0,0
2019,1,Ulsan,569546,238,26615,0,0,0
2019,2,Ulsan,571730,236,26190,0,0,0
2019,3,Ulsan,572884,205,20591,0,0,0
2019,4,Ulsan,573741,216,22682,0,0,0
2019,5,Ulsan,575284,201,20007,0,0,0
2019,6,Ulsan,575609,205,20601,0,0,0
2019,7,Ulsan,575573,208,19436,5,2,0
2019,8,Ulsan,575850,290,30368,8,6,0
2019,9,Ulsan,576225,267,28452,1,0,0
2019,10,Ulsan,576246,213,21661,0,0,0
2019,11,Ulsan,576499,213,21716,0,0,0
2019,12,Ulsan,576433,221,23014,0,0,0
2020,1,Ulsan,576430,238,26351,0,0,0
2020,2,Ulsan,576344,242,27015,0,0,0
2020,3,Ulsan,576392,228,24385,0,0,0
2020,4,Ulsan,577010,232,25373,0,0,0
2020,5,Ulsan,577013,215,22304,0,0,0
2020,6,Ulsan,576940,217,22517,0,0,0
2020,7,Ulsan,577954,220,21499,0,0,0
2020,8,Ulsan,577690,268,26525,13,11,0
2020,9,Ulsan,577620,313,37326,1,0,0
2020,10,Ulsan,577815,215,21936,0,0,0
2020,11,Ulsan,578499,220,22864,0,0,0
2020,12,Ulsan,578726,229,24542,0,0,0
2021,1,Ulsan,578261,259,29626,0,0,1
2021,2,Ulsan,579012,253,28340,0,0,0
2021,3,Ulsan,578846,217,21677,0,0,0
2021,4,Ulsan,578899,226,23538,0,0,0
2021,5,Ulsan,578805,213,21252,0,0,0
2021,6,Ulsan,578214,220,22307,0,0,0
2021,7,Ulsan,577891,235,23330,1,2,0
2021,8,Ulsan,578043,324,36614,2,5,0
2021,9,Ulsan,578194,269,28067,0,0,0
2021,10,Ulsan,578757,223,23795,0,0,0
2021,11,Ulsan,578620,225,24164,0,0,0
2021,12,Ulsan,579143,228,24653,0,0,0
2022,1,Ulsan,579319,251,29052,0,0,0
2022,2,Ulsan,570267,254,30083,0,0,0
2022,3,Ulsan,570228,223,24321,0,0,0
2022,4,Ulsan,570590,231,24950,0,0,0
2022,5,Ulsan,570404,210,22038,0,0,0
2022,6,Ulsan,570296,216,23054,1,0,0
2022,7,Ulsan,570177,265,29920,5,2,0
2022,8,Ulsan,570897,321,36591,14,8,0
2022,9,Ulsan,573857,280,31164,0,0,0
2022,10,Ulsan,573803,216,23748,0,0,0
2022,11,Ulsan,574618,218,25258,0,0,0
2022,12,Ulsan,574405,225,26496,0,0,0
2023,1,Ulsan,574389,250,32455,0,0,1
2023,2,Ulsan,574333,248,34227,0,0,0
2023,3,Ulsan,574955,211,26918,0,0,0
2023,4,Ulsan,575727,218,28448,0,0,0
2023,5,Ulsan,577656,207,26418,0,0,0
2023,6,Ulsan,579297,215,29085,0,0,0
2023,7,Ulsan,580565,239,32534,2,2,0
2023,8,Ulsan,580493,325,47356,3,4,0
2023,9,Ulsan,580589,300,43928,0,0,0
2023,10,Ulsan,581196,224,31130,0,0,0
2023,11,Ulsan,581675,214,29376,0,0,0
2023,12,Ulsan,581868,225,31366,0,0,0
2024,1,Ulsan,584146,245,35734,0,0,0
2024,2,Ulsan,584381,247,36095,0,0,0
2024,3,Ulsan,584959,224,31180,0,0,0
2024,4,Ulsan,585030,224,31418,0,0,0
2024,5,Ulsan,585610,208,28271,0,0,0
2024,6,Ulsan,585131,214,29694,0,1,0
2024,7,Ulsan,585200,254,35698,13,7,0
2024,8,Ulsan,585839,370,42360,7,10,0
2024,9,Ulsan,587318,353,56290,3,5,0
2024,10,Ulsan,587424,256,38007,0,0,0
2024,11,Ulsan,587679,220,30153,0,0,0
2024,12,Ulsan,588430,224,31160,0,0,0
2015,1,Seoul,4365397,248,34809,0,0,0
2015,2,Seoul,4369346,242,33000,0,0,1
2015,3,Seoul,4369258,214,26309,0,0,0
2015,4,Seoul,4373778,223,28192,0,0,0
2015,5,Seoul,4378279,208,24867,0,0,0
2015,6,Seoul,4381376,216,26963,0,1,0
2015,7,Seoul,4382767,229,29243,7,4,0
2015,8,Seoul,4384681,278,42880,5,3,0
2015,9,Seoul,4390197,239,31003,0,0,0
2015,10,Seoul,4389707,207,24366,0,0,0
2015,11,Seoul,4392491,218,27155,0,0,0
2015,12,Seoul,4394879,227,29151,0,0,0
2016,1,Seoul,4399911,242,33041,0,0,5
2016,2,Seoul,4404389,245,33790,0,0,0
2016,3,Seoul,4410047,219,27362,0,0,0
2016,4,Seoul,4414548,219,27199,0,0,0
2016,5,Seoul,4421494,206,24417,0,0,0
2016,6,Seoul,4427182,215,26747,0,0,0
2016,7,Seoul,4431201,235,32209,10,4,0
2016,8,Seoul,4439018,315,56756,22,20,0
2016,9,Seoul,4443438,262,23543,0,0,0
2016,10,Seoul,4446447,206,22614,0,0,0
2016,11,Seoul,4456103,214,26111,0,0,0
2016,12,Seoul,4462272,222,26227,0,0,0
2017,1,Seoul,4468653,236,26914,0,0,1
2017,2,Seoul,4471467,238,27294,0,0,0
2017,3,Seoul,4478389,208,21336,0,0,0
2017,4,Seoul,4482548,216,22995,0,0,0
2017,5,Seoul,4489360,202,20586,0,0,0
2017,6,Seoul,4492219,210,21738,0,1,0
2017,7,Seoul,4495876,248,29346,10,5,0
2017,8,Seoul,4504246,300,40599,9,7,0
2017,9,Seoul,4513796,233,25903,0,0,0
2017,10,Seoul,4517074,203,20657,0,0,0
2017,11,Seoul,4524785,213,22346,0,0,0
2017,12,Seoul,4529914,228,25043,0,0,2
2018,1,Seoul,4535178,245,28223,0,0,7
2018,2,Seoul,4539683,247,28714,0,0,3
2018,3,Seoul,4544889,211,21900,0,0,0
2018,4,Seoul,4554272,216,22830,0,0,0
2018,5,Seoul,4562357,203,20585,0,0,0
2018,6,Seoul,4568233,213,22340,0,0,0
2018,7,Seoul,4575584,245,28742,12,16,0
2018,8,Seoul,4591968,371,49154,17,19,0
2018,9,Seoul,4599038,261,25066,0,0,0
2018,10,Seoul,4598825,201,19978,0,0,0
2018,11,Seoul,4608670,211,21876,0,0,0
2018,12,Seoul,4613070,222,23758,0,0,1
2019,1,Seoul,4617350,240,27166,0,0,0
2019,2,Seoul,4620355,234,25948,0,0,0
2019,3,Seoul,4634329,205,20679,0,0,0
2019,4,Seoul,4643126,215,22429,0,0,0
2019,5,Seoul,4649911,200,19908,0,1,0
2019,6,Seoul,4657690,207,21099,0,0,0
2019,7,Seoul,4667648,229,22911,6,4,0
2019,8,Seoul,4677003,308,35502,11,10,0
2019,9,Seoul,4686246,261,28926,0,0,0
2019,10,Seoul,4689110,207,20986,0,0,0
2019,11,Seoul,4696180,208,21278,0,0,0
2019,12,Seoul,4700507,220,23309,0,0,0
2020,1,Seoul,4705280,234,26193,0,0,0
2020,2,Seoul,4707557,233,26031,0,0,0
2020,3,Seoul,4714415,220,23630,0,0,0
2020,4,Seoul,4723785,222,23921,0,0,0
2020,5,Seoul,4731749,208,21524,0,0,0
2020,6,Seoul,4738702,222,24056,0,2,0
2020,7,Seoul,4746749,238,24826,0,0,0
2020,8,Seoul,4751818,276,29781,13,2,0
2020,9,Seoul,4756152,287,34306,0,0,0
2020,10,Seoul,4763625,210,21730,0,0,0
2020,11,Seoul,4772339,216,22803,0,0,0
2020,12,Seoul,4774486,231,25610,0,0,2
2021,1,Seoul,4777855,257,30216,0,0,5
2021,2,Seoul,4784548,245,27807,0,0,0
2021,3,Seoul,4787473,211,21305,0,0,0
2021,4,Seoul,4793381,216,22312,0,0,0
2021,5,Seoul,4798550,206,20498,0,0,0
2021,6,Seoul,4803182,218,22594,0,0,0
2022,1,Seoul,3995818,233,27293,0,0,0
2022,2,Seoul,4761227,245,29316,0,0,0
2022,3,Seoul,4764225,218,23943,0,0,0
2022,4,Seoul,4768114,220,23731,0,0,0
2022,5,Seoul,4770008,202,21156,0,0,0
2022,6,Seoul,4773180,214,23177,2,0,0
2022,7,Seoul,4779332,277,32985,10,10,0
2022,8,Seoul,4786966,329,40713,12,0,0
2022,9,Seoul,4790550,261,29601,0,0,0
2022,10,Seoul,4795050,213,24285,0,0,0
2022,11,Seoul,4801628,212,24904,0,0,0
2022,12,Seoul,4803896,225,27243,0,0,4
2023,1,Seoul,4807229,247,33227,0,0,2
2023,2,Seoul,4813757,238,32909,0,0,0
2023,3,Seoul,4818859,204,26256,0,0,0
2023,4,Seoul,4821114,210,27168,0,0,0
2023,5,Seoul,4825130,201,25795,0,0,0
2023,6,Seoul,4828850,216,29845,1,2,0
2023,7,Seoul,4834192,266,38599,9,6,0
2023,8,Seoul,4838055,340,52895,14,11,0
2023,9,Seoul,4843078,292,43930,1,0,0
2023,10,Seoul,4848664,216,28357,0,0,0
2023,11,Seoul,4857156,211,29064,0,0,0
2023,12,Seoul,4870737,224,27903,0,0,5
2024,1,Seoul,4874414,242,31450,0,0,1
2024,2,Seoul,4877485,235,30234,0,0,0
2024,3,Seoul,4880106,213,29629,0,0,0
2024,4,Seoul,4882040,211,29231,0,0,0
2024,5,Seoul,4885748,198,26766,0,0,0
2024,6,Seoul,4890087,218,26717,1,4,0
2024,7,Seoul,4890640,267,29916,13,2,0
2024,8,Seoul,4893594,364,17000,25,21,0
2024,9,Seoul,4897255,346,16221,9,6,0
2024,10,Seoul,4902482,236,30340,0,0,0
2024,11,Seoul,4911167,207,28440,0,0,0
2024,12,Seoul,4916320,219,31022,0,0,0
2021,7,Seoul,4809953,270,30938,17,15,0
2021,8,Seoul,4810246,362,47660,4,3,0
2021,9,Seoul,4814257,259,28247,0,0,0
2021,10,Seoul,4816654,218,23838,0,0,0
2021,11,Seoul,4820320,217,23609,0,0,0
2021,12,Seoul,4825957,225,25115,0,0,3
