"행정구역(시도)별",2025.02,2025.02,2025.02,2025.01,2025.01,2025.01,2024.12,2024.12,2024.12,2024.11,2024.11,2024.11,2024.10,2024.10,2024.10,2024.09,2024.09,2024.09,2024.08,2024.08,2024.08,2024.07,2024.07,2024.07,2024.06,2024.06,2024.06,2024.05,2024.05,2024.05,2024.04,2024.04,2024.04,2024.03,2024.03,2024.03,2024.02,2024.02,2024.02,2024.01,2024.01,2024.01,2023.12,2023.12,2023.12,2023.11,2023.11,2023.11,2023.10,2023.10,2023.10,2023.09,2023.09,2023.09,2023.08,2023.08,2023.08,2023.07,2023.07,2023.07,2023.06,2023.06,2023.06,2023.05,2023.05,2023.05,2023.04,2023.04,2023.04,2023.03,2023.03,2023.03,2023.02,2023.02,2023.02,2023.01,2023.01,2023.01,2022.12,2022.12,2022.12,2022.11,2022.11,2022.11,2022.10,2022.10,2022.10,2022.09,2022.09,2022.09,2022.08,2022.08,2022.08,2022.07,2022.07,2022.07,2022.06,2022.06,2022.06,2022.05,2022.05,2022.05,2022.04,2022.04,2022.04,2022.03,2022.03,2022.03,2022.02,2022.02,2022.02,2022.01,2022.01,2022.01,2021.12,2021.12,2021.12,2021.11,2021.11,2021.11,2021.10,2021.10,2021.10,2021.09,2021.09,2021.09,2021.08,2021.08,2021.08,2021.07,2021.07,2021.07,2021.06,2021.06,2021.06,2021.05,2021.05,2021.05,2021.04,2021.04,2021.04,2021.03,2021.03,2021.03,2021.02,2021.02,2021.02,2021.01,2021.01,2021.01,2020.12,2020.12,2020.12,2020.11,2020.11,2020.11,2020.10,2020.10,2020.10,2020.09,2020.09,2020.09,2020.08,2020.08,2020.08,2020.07,2020.07,2020.07,2020.06,2020.06,2020.06,2020.05,2020.05,2020.05,2020.04,2020.04,2020.04,2020.03,2020.03,2020.03,2020.02,2020.02,2020.02,2020.01,2020.01,2020.01,2019.12,2019.12,2019.12,2019.11,2019.11,2019.11,2019.10,2019.10,2019.10,2019.09,2019.09,2019.09,2019.08,2019.08,2019.08,2019.07,2019.07,2019.07,2019.06,2019.06,2019.06,2019.05,2019.05,2019.05,2019.04,2019.04,2019.04,2019.03,2019.03,2019.03,2019.02,2019.02,2019.02,2019.01,2019.01,2019.01,2018.12,2018.12,2018.12,2018.11,2018.11,2018.11,2018.10,2018.10,2018.10,2018.09,2018.09,2018.09,2018.08,2018.08,2018.08,2018.07,2018.07,2018.07,2018.06,2018.06,2018.06,2018.05,2018.05,2018.05,2018.04,2018.04,2018.04,2018.03,2018.03,2018.03,2018.02,2018.02,2018.02,2018.01,2018.01,2018.01,2017.12,2017.12,2017.12,2017.11,2017.11,2017.11,2017.10,2017.10,2017.10,2017.09,2017.09,2017.09,2017.08,2017.08,2017.08,2017.07,2017.07,2017.07,2017.06,2017.06,2017.06,2017.05,2017.05,2017.05,2017.04,2017.04,2017.04,2017.03,2017.03,2017.03,2017.02,2017.02,2017.02,2017.01,2017.01,2017.01,2016.12,2016.12,2016.12,2016.11,2016.11,2016.11,2016.10,2016.10,2016.10,2016.09,2016.09,2016.09,2016.08,2016.08,2016.08,2016.07,2016.07,2016.07,2016.06,2016.06,2016.06,2016.05,2016.05,2016.05,2016.04,2016.04,2016.04,2016.03,2016.03,2016.03,2016.02,2016.02,2016.02,2016.01,2016.01,2016.01,2015.12,2015.12,2015.12,2015.11,2015.11,2015.11,2015.10,2015.10,2015.10,2015.09,2015.09,2015.09,2015.08,2015.08,2015.08,2015.07,2015.07,2015.07,2015.06,2015.06,2015.06,2015.05,2015.05,2015.05,2015.04,2015.04,2015.04,2015.03,2015.03,2015.03,2015.02,2015.02,2015.02,2015.01,2015.01,2015.01
"행정구역(시도)별",총전입률(%),총전출률(%),순이동률(%),총전입률(%),총전출률(%),순이동률(%),총전입률(%),총전출률(%),순이동률(%),총전입률(%),총전출률(%),순이동률(%),총전입률(%),총전출률(%),순이동률(%),총전입률(%),총전출률(%),순이동률(%),총전입률(%),총전출률(%),순이동률(%),총전입률(%),총전출률(%),순이동률(%),총전입률(%),총전출률(%),순이동률(%),총전입률(%),총전출률(%),순이동률(%),총전입률(%),총전출률(%),순이동률(%),총전입률(%),총전출률(%),순이동률(%),총전입률(%),총전출률(%),순이동률(%),총전입률(%),총전출률(%),순이동률(%),총전입률(%),총전출률(%),순이동률(%),총전입률(%),총전출률(%),순이동률(%),총전입률(%),총전출률(%),순이동률(%),총전입률(%),총전출률(%),순이동률(%),총전입률(%),총전출률(%),순이동률(%),총전입률(%),총전출률(%),순이동률(%),총전입률(%),총전출률(%),순이동률(%),총전입률(%),총전출률(%),순이동률(%),총전입률(%),총전출률(%),순이동률(%),총전입률(%),총전출률(%),순이동률(%),총전입률(%),총전출률(%),순이동률(%),총전입률(%),총전출률(%),순이동률(%),총전입률(%),총전출률(%),순이동률(%),총전입률(%),총전출률(%),순이동률(%),총전입률(%),총전출률(%),순이동률(%),총전입률(%),총전출률(%),순이동률(%),총전입률(%),총전출률(%),순이동률(%),총전입률(%),총전출률(%),순이동률(%),총전입률(%),총전출률(%),순이동률(%),총전입률(%),총전출률(%),순이동률(%),총전입률(%),총전출률(%),순이동률(%),총전입률(%),총전출률(%),순이동률(%),총전입률(%),총전출률(%),순이동률(%),총전입률(%),총전출률(%),순이동률(%),총전입률(%),총전출률(%),순이동률(%),총전입률(%),총전출률(%),순이동률(%),총전입률(%),총전출률(%),순이동률(%),총전입률(%),총전출률(%),순이동률(%),총전입률(%),총전출률(%),순이동률(%),총전입률(%),총전출률(%),순이동률(%),총전입률(%),총전출률(%),순이동률(%),총전입률(%),총전출률(%),순이동률(%),총전입률(%),총전출률(%),순이동률(%),총전입률(%),총전출률(%),순이동률(%),총전입률(%),총전출률(%),순이동률(%),총전입률(%),총전출률(%),순이동률(%),총전입률(%),총전출률(%),순이동률(%),총전입률(%),총전출률(%),순이동률(%),총전입률(%),총전출률(%),순이동률(%),총전입률(%),총전출률(%),순이동률(%),총전입률(%),총전출률(%),순이동률(%),총전입률(%),총전출률(%),순이동률(%),총전입률(%),총전출률(%),순이동률(%),총전입률(%),총전출률(%),순이동률(%),총전입률(%),총전출률(%),순이동률(%),총전입률(%),총전출률(%),순이동률(%),총전입률(%),총전출률(%),순이동률(%),총전입률(%),총전출률(%),순이동률(%),총전입률(%),총전출률(%),순이동률(%),총전입률(%),총전출률(%),순이동률(%),총전입률(%),총전출률(%),순이동률(%),총전입률(%),총전출률(%),순이동률(%),총전입률(%),총전출률(%),순이동률(%),총전입률(%),총전출률(%),순이동률(%),총전입률(%),총전출률(%),순이동률(%),총전입률(%),총전출률(%),순이동률(%),총전입률(%),총전출률(%),순이동률(%),총전입률(%),총전출률(%),순이동률(%),총전입률(%),총전출률(%),순이동률(%),총전입률(%),총전출률(%),순이동률(%),총전입률(%),총전출률(%),순이동률(%),총전입률(%),총전출률(%),순이동률(%),총전입률(%),총전출률(%),순이동률(%),총전입률(%),총전출률(%),순이동률(%),총전입률(%),총전출률(%),순이동률(%),총전입률(%),총전출률(%),순이동률(%),총전입률(%),총전출률(%),순이동률(%),총전입률(%),총전출률(%),순이동률(%),총전입률(%),총전출률(%),순이동률(%),총전입률(%),총전출률(%),순이동률(%),총전입률(%),총전출률(%),순이동률(%),총전입률(%),총전출률(%),순이동률(%),총전입률(%),총전출률(%),순이동률(%),총전입률(%),총전출률(%),순이동률(%),총전입률(%),총전출률(%),순이동률(%),총전입률(%),총전출률(%),순이동률(%),총전입률(%),총전출률(%),순이동률(%),총전입률(%),총전출률(%),순이동률(%),총전입률(%),총전출률(%),순이동률(%),총전입률(%),총전출률(%),순이동률(%),총전입률(%),총전출률(%),순이동률(%),총전입률(%),총전출률(%),순이동률(%),총전입률(%),총전출률(%),순이동률(%),총전입률(%),총전출률(%),순이동률(%),총전입률(%),총전출률(%),순이동률(%),총전입률(%),총전출률(%),순이동률(%),총전입률(%),총전출률(%),순이동률(%),총전입률(%),총전출률(%),순이동률(%),총전입률(%),총전출률(%),순이동률(%),총전입률(%),총전출률(%),순이동률(%),총전입률(%),총전출률(%),순이동률(%),총전입률(%),총전출률(%),순이동률(%),총전입률(%),총전출률(%),순이동률(%),총전입률(%),총전출률(%),순이동률(%),총전입률(%),총전출률(%),순이동률(%),총전입률(%),총전출률(%),순이동률(%),총전입률(%),총전출률(%),순이동률(%),총전입률(%),총전출률(%),순이동률(%),총전입률(%),총전출률(%),순이동률(%),총전입률(%),총전출률(%),순이동률(%),총전입률(%),총전출률(%),순이동률(%),총전입률(%),총전출률(%),순이동률(%),총전입률(%),총전출률(%),순이동률(%),총전입률(%),총전출률(%),순이동률(%),총전입률(%),총전출률(%),순이동률(%),총전입률(%),총전출률(%),순이동률(%),총전입률(%),총전출률(%),순이동률(%),총전입률(%),총전출률(%),순이동률(%)
"전국",17.8,17.8,0.0,11.8,11.8,0.0,12.1,12.1,0.0,11.1,11.1,0.0,12.1,12.1,0.0,11.1,11.1,0.0,11.8,11.8,0.0,11.8,11.8,0.0,10.5,10.5,0.0,11.5,11.5,0.0,12.7,12.7,0.0,13.0,13.0,0.0,16.2,16.2,0.0,13.8,13.8,0.0,11.8,11.8,0.0,11.8,11.8,0.0,11.7,11.7,0.0,10.7,10.7,0.0,12.4,12.4,0.0,11.1,11.1,0.0,11.3,11.3,0.0,11.4,11.4,0.0,10.8,10.8,0.0,13.5,13.5,0.0,15.9,15.9,0.0,11.6,11.6,0.0,11.4,11.4,0.0,11.3,11.3,0.0,10.5,10.5,0.0,10.9,10.9,0.0,11.9,11.9,0.0,10.6,10.6,0.0,11.3,11.3,0.0,12.0,12.0,0.0,11.4,11.4,0.0,13.5,13.5,0.0,16.9,16.9,0.0,12.7,12.7,0.0,14.2,14.2,0.0,13.4,13.4,0.0,12.4,12.4,0.0,13.4,13.4,0.0,13.5,13.5,0.0,12.9,12.9,0.0,12.9,12.9,0.0,12.8,12.8,0.0,14.1,14.1,0.0,16.9,16.9,0.0,17.9,17.9,0.0,14.5,14.5,0.0,16.5,16.5,0.0,14.5,14.5,0.0,13.9,13.9,0.0,14.8,14.8,0.0,14.1,14.1,0.0,13.4,13.4,0.0,14.4,14.4,0.0,13.1,13.1,0.0,14.6,14.6,0.0,17.6,17.6,0.0,19.2,19.2,0.0,14.9,14.9,0.0,14.8,14.8,0.0,13.4,13.4,0.0,13.6,13.6,0.0,12.3,12.3,0.0,13.0,13.0,0.0,12.9,12.9,0.0,11.5,11.5,0.0,13.1,13.1,0.0,13.9,13.9,0.0,14.7,14.7,0.0,17.8,17.8,0.0,15.3,15.3,0.0,14.2,14.2,0.0,14.6,14.6,0.0,14.6,14.6,0.0,11.0,11.0,0.0,13.6,13.6,0.0,13.0,13.0,0.0,12.9,12.9,0.0,13.8,13.8,0.0,14.1,14.1,0.0,16.3,16.3,0.0,17.7,17.7,0.0,15.2,15.2,0.0,14.1,14.1,0.0,14.2,14.2,0.0,12.1,12.1,0.0,14.0,14.0,0.0,14.4,14.4,0.0,12.5,12.5,0.0,12.8,12.8,0.0,13.3,13.3,0.0,12.6,12.6,0.0,15.5,15.5,0.0,19.1,19.1,0.0,13.3,13.3,0.0,15.5,15.5,0.0,15.4,15.4,0.0,14.2,14.2,0.0,13.0,13.0,0.0,14.8,14.8,0.0,12.6,12.6,0.0,13.5,13.5,0.0,13.6,13.6,0.0,13.5,13.5,0.0,15.9,15.9,0.0,17.5,17.5,0.0,13.8,13.8,0.0,16.2,16.2,0.0,15.5,15.5,0.0,15.1,15.1,0.0,13.1,13.1,0.0,14.3,14.3,0.0,14.5,14.5,0.0,15.5,15.5,0.0,14.0,14.0,0.0,15.5,15.5,0.0,17.8,17.8,0.0,17.0,17.0,0.0,14.2,14.2,0.0
"서울특별시",20.7,19.9,0.8,12.6,12.7,-0.1,13.3,13.7,-0.4,11.6,12.4,-0.8,13.1,13.9,-0.8,11.9,12.5,-0.6,13.1,13.6,-0.5,12.5,13.2,-0.7,10.7,11.4,-0.7,11.8,12.6,-0.7,13.2,14.0,-0.8,13.8,13.9,-0.2,18.7,18.3,0.4,14.1,14.2,-0.1,12.6,13.1,-0.5,12.1,13.0,-0.8,12.7,13.2,-0.6,12.1,12.3,-0.2,14.1,14.2,-0.1,11.9,12.3,-0.3,11.8,12.4,-0.6,12.5,12.9,-0.4,11.7,12.1,-0.4,14.7,14.8,-0.1,17.7,17.2,0.5,11.5,11.9,-0.4,11.6,12.5,-0.9,11.2,12.0,-0.8,10.7,11.5,-0.8,11.3,11.8,-0.5,13.0,13.1,-0.1,11.4,11.6,-0.2,11.8,12.1,-0.2,13.1,13.5,-0.4,12.3,12.9,-0.5,15.4,15.4,0.0,19.7,19.3,0.5,12.6,12.9,-0.3,14.1,15.2,-1.2,14.0,15.3,-1.4,13.4,14.5,-1.2,14.2,15.3,-1.0,15.6,16.6,-1.0,13.9,15.0,-1.0,13.5,14.5,-1.1,14.0,15.1,-1.0,15.1,16.3,-1.3,18.8,19.6,-0.8,19.5,20.8,-1.3,14.2,15.5,-1.3,16.5,17.9,-1.4,15.1,16.3,-1.2,15.7,17.0,-1.3,16.4,17.6,-1.3,15.3,16.3,-1.0,14.3,15.0,-0.7,15.6,16.1,-0.5,14.5,14.9,-0.3,16.2,17.1,-0.9,20.3,20.7,-0.4,22.5,22.1,0.4,16.2,15.7,0.5,15.7,16.2,-0.5,14.4,15.0,-0.6,15.8,16.4,-0.6,13.2,13.9,-0.7,13.6,14.5,-0.9,13.7,14.5,-0.9,11.6,12.4,-0.8,13.6,14.4,-0.8,15.0,15.6,-0.6,16.6,16.8,-0.2,19.9,19.5,0.4,15.8,15.8,0.0,14.4,15.6,-1.2,15.9,17.3,-1.4,16.2,17.5,-1.3,11.7,12.7,-1.0,14.3,15.4,-1.1,13.7,14.9,-1.1,13.8,14.8,-1.1,14.3,15.7,-1.4,14.8,16.1,-1.3,17.5,18.5,-1.0,18.2,19.2,-1.0,14.5,15.3,-0.9,13.6,15.4,-1.8,14.3,16.1,-1.8,13.2,14.5,-1.3,15.0,16.7,-1.7,16.1,17.2,-1.1,13.7,14.7,-1.0,14.4,15.1,-0.8,15.0,15.8,-0.8,14.1,14.9,-0.8,17.3,17.9,-0.6,21.5,21.7,-0.2,13.8,14.1,-0.3,16.0,17.8,-1.9,16.2,18.1,-1.8,16.1,17.7,-1.6,14.7,16.0,-1.4,15.9,17.7,-1.8,13.2,14.8,-1.5,14.8,16.3,-1.5,14.9,16.3,-1.4,14.5,15.8,-1.3,16.9,17.9,-1.1,18.6,19.7,-1.1,13.5,14.4,-0.8,15.9,18.0,-2.1,16.3,17.9,-1.7,16.1,17.9,-1.8,13.9,15.4,-1.6,15.3,16.8,-1.5,15.4,16.8,-1.4,16.6,18.4,-1.8,15.7,17.1,-1.4,16.9,18.2,-1.4,19.0,20.1,-1.1,17.6,18.1,-0.5,13.8,14.2,-0.4
"부산광역시",17.3,17.3,0.0,10.3,10.8,-0.5,10.8,11.2,-0.4,11.5,11.8,-0.3,12.4,12.9,-0.5,9.6,10.0,-0.4,10.7,11.2,-0.5,10.8,11.3,-0.5,9.9,10.4,-0.4,10.1,10.5,-0.4,10.9,11.4,-0.5,11.4,11.8,-0.4,16.5,16.7,-0.1,14.5,14.9,-0.4,11.3,11.6,-0.3,10.4,10.9,-0.4,11.1,11.5,-0.4,9.9,10.3,-0.4,11.3,11.6,-0.3,9.7,10.1,-0.4,10.3,10.8,-0.5,10.0,10.4,-0.4,9.7,10.2,-0.5,12.2,12.6,-0.4,16.1,16.0,0.1,11.1,11.3,-0.2,11.1,11.5,-0.4,11.8,12.2,-0.4,10.6,10.9,-0.3,9.6,9.8,-0.3,10.8,11.4,-0.6,10.1,10.7,-0.5,11.1,11.4,-0.3,11.1,11.5,-0.4,10.1,10.7,-0.6,11.8,12.5,-0.7,17.6,17.8,-0.2,13.6,13.8,-0.2,13.2,13.9,-0.6,11.8,12.3,-0.5,10.8,11.4,-0.6,11.8,11.8,0.0,12.3,12.9,-0.6,12.5,13.2,-0.7,12.7,13.3,-0.6,13.2,13.7,-0.5,13.1,13.9,-0.8,14.9,15.6,-0.7,17.4,17.7,-0.4,15.0,15.6,-0.6,16.8,17.7,-0.9,14.8,15.3,-0.5,13.5,13.9,-0.5,14.0,14.3,-0.3,14.2,14.6,-0.4,12.8,13.2,-0.4,13.3,14.0,-0.7,12.2,12.5,-0.3,14.8,15.2,-0.3,16.7,16.8,-0.1,18.5,18.5,-0.1,13.9,14.4,-0.5,13.5,14.3,-0.8,12.4,13.0,-0.6,11.8,12.5,-0.8,10.7,11.2,-0.5,11.6,12.2,-0.7,10.7,11.4,-0.7,10.3,10.9,-0.6,11.5,12.1,-0.6,12.5,13.3,-0.8,12.6,13.3,-0.7,15.6,16.3,-0.6,12.8,13.7,-0.9,11.6,12.6,-1.0,11.6,12.4,-0.7,12.1,12.9,-0.8,9.0,9.5,-0.5,11.7,12.4,-0.7,11.6,12.4,-0.8,11.3,12.2,-0.9,13.0,13.9,-0.9,12.4,13.2,-0.8,14.6,15.4,-0.8,14.9,15.4,-0.5,12.3,13.3,-1.0,11.7,12.9,-1.3,12.0,13.2,-1.3,10.1,11.8,-1.6,12.3,12.9,-0.5,13.8,14.0,-0.3,12.0,12.7,-0.7,12.0,12.9,-0.9,12.6,13.4,-0.8,12.0,12.7,-0.7,13.5,14.2,-0.7,18.4,18.9,-0.5,12.8,13.5,-0.7,14.3,15.5,-1.2,14.4,15.3,-0.9,13.0,13.9,-0.8,11.4,12.1,-0.7,13.1,13.7,-0.5,11.1,11.8,-0.7,12.9,13.6,-0.7,12.7,13.3,-0.6,12.7,13.0,-0.4,13.5,13.9,-0.4,15.6,15.9,-0.2,14.0,14.3,-0.3,16.6,17.1,-0.6,14.8,15.3,-0.5,13.5,14.1,-0.6,11.5,12.2,-0.7,13.1,13.7,-0.6,16.0,15.7,0.3,15.9,15.5,0.4,13.8,13.9,-0.1,14.2,14.6,-0.4,15.4,16.3,-0.9,15.6,15.9,-0.3,14.5,15.1,-0.7
"대구광역시",17.9,17.8,0.1,12.3,12.2,0.1,12.3,12.4,-0.1,11.5,11.4,0.0,12.4,12.4,0.0,11.7,11.6,0.0,12.1,12.2,0.0,12.4,12.5,0.0,11.1,11.2,-0.1,13.7,13.9,-0.2,13.9,14.3,-0.4,12.7,13.5,-0.7,16.2,16.8,-0.7,14.4,14.6,-0.2,13.4,13.6,-0.2,14.0,14.1,-0.1,13.0,13.0,0.0,11.4,11.5,-0.1,12.7,12.7,0.0,11.8,11.9,-0.1,12.2,12.3,-0.1,12.2,12.4,-0.2,11.0,11.4,-0.4,12.5,13.1,-0.6,14.9,15.9,-0.9,11.2,11.3,-0.1,10.6,11.2,-0.6,10.5,10.9,-0.3,10.3,10.6,-0.2,10.3,10.6,-0.3,10.9,11.5,-0.6,10.4,10.9,-0.4,10.3,10.8,-0.5,10.6,11.3,-0.7,11.4,11.8,-0.4,13.2,13.0,0.2,14.9,16.2,-1.3,11.5,12.1,-0.6,14.6,15.7,-1.1,12.9,13.8,-0.9,11.1,11.9,-0.8,11.1,11.4,-0.3,11.1,12.0,-0.9,11.3,12.2,-0.9,10.9,12.0,-1.1,11.0,12.2,-1.2,12.8,14.0,-1.2,15.2,16.6,-1.4,17.1,18.4,-1.4,14.5,15.5,-1.0,16.5,18.0,-1.5,15.3,16.3,-1.0,13.2,14.4,-1.2,14.5,15.1,-0.6,13.4,13.2,0.2,13.2,13.2,0.1,13.8,14.2,-0.5,11.9,13.0,-1.1,13.6,14.4,-0.9,17.7,17.2,0.5,16.4,18.2,-1.8,13.6,14.2,-0.6,14.3,16.0,-1.7,13.0,14.0,-1.0,12.5,13.3,-0.9,10.9,11.7,-0.7,11.4,12.3,-0.9,11.8,12.7,-0.9,11.6,12.5,-0.9,13.0,13.9,-0.9,11.7,12.6,-0.9,12.2,13.4,-1.2,16.8,18.0,-1.2,15.2,15.8,-0.6,13.5,14.5,-1.0,13.5,14.0,-0.6,14.4,15.0,-0.7,11.0,11.5,-0.5,12.4,13.2,-0.8,11.7,12.2,-0.5,12.5,12.7,-0.2,13.1,13.8,-0.7,12.3,12.9,-0.6,13.5,14.2,-0.7,16.0,16.4,-0.4,13.7,14.0,-0.3,13.5,14.2,-0.7,16.1,16.5,-0.4,13.2,13.8,-0.6,13.1,14.1,-0.9,13.2,14.1,-0.9,11.0,11.4,-0.4,11.0,11.3,-0.3,11.4,11.8,-0.5,11.1,11.5,-0.3,13.3,13.8,-0.6,17.5,17.8,-0.2,12.5,12.5,0.0,14.0,14.6,-0.6,14.6,14.7,-0.1,12.5,12.8,-0.3,11.6,11.8,-0.2,15.0,15.0,0.0,12.4,12.6,-0.2,12.1,12.5,-0.4,12.2,12.7,-0.6,12.6,13.0,-0.5,14.7,15.2,-0.5,16.5,17.5,-0.9,11.7,12.0,-0.2,13.9,14.9,-0.9,13.8,14.3,-0.5,13.4,14.1,-0.7,12.1,12.5,-0.3,12.8,13.3,-0.4,13.7,14.2,-0.5,15.0,15.7,-0.7,14.3,14.5,-0.2,14.7,15.2,-0.5,16.8,17.4,-0.7,17.0,17.4,-0.3,13.2,13.8,-0.6
"인천광역시",19.7,17.7,2.0,12.9,11.8,1.1,12.8,11.7,1.0,11.3,10.9,0.4,12.9,12.3,0.6,11.8,11.1,0.7,12.8,12.1,0.7,13.7,13.0,0.8,11.9,11.4,0.5,12.5,12.0,0.6,15.0,13.9,1.1,14.2,12.9,1.3,16.1,14.8,1.3,14.5,13.1,1.3,15.1,13.4,1.7,15.6,14.0,1.6,13.8,12.6,1.2,13.0,11.8,1.2,15.4,13.9,1.5,15.3,14.2,1.2,12.3,11.9,0.4,13.6,12.8,0.8,12.8,12.0,0.8,15.6,14.4,1.1,16.9,15.8,1.1,12.3,11.4,1.0,12.5,11.4,1.1,13.0,11.9,1.1,11.9,10.9,1.0,13.1,12.1,1.0,14.7,13.4,1.3,13.2,11.8,1.5,13.4,12.5,0.8,14.4,13.5,0.9,12.6,12.1,0.5,14.2,13.3,0.9,17.1,16.2,0.9,11.6,11.2,0.4,13.1,12.0,1.0,14.3,13.6,0.7,14.8,13.4,1.3,16.1,14.7,1.3,15.6,15.2,0.4,15.3,14.8,0.4,14.4,14.3,0.1,14.4,14.3,0.1,14.7,14.7,-0.1,16.3,16.4,-0.1,15.8,16.2,-0.4,13.7,13.9,-0.2,17.3,17.1,0.2,15.1,15.1,0.0,13.8,13.9,-0.1,15.3,15.8,-0.6,15.2,16.2,-1.0,14.2,15.0,-0.8,15.0,16.3,-1.2,14.4,14.9,-0.4,15.2,16.1,-0.8,16.9,17.9,-1.0,17.7,18.2,-0.5,12.6,13.0,-0.4,13.8,14.0,-0.2,14.2,14.2,0.0,14.1,14.1,-0.1,12.6,12.7,-0.1,13.6,13.8,-0.2,13.9,14.1,-0.3,12.7,12.9,-0.2,14.9,14.9,0.0,14.8,14.9,-0.1,15.1,15.1,0.0,17.3,17.5,-0.2,15.3,14.9,0.4,14.3,14.1,0.1,15.5,15.5,0.0,14.7,14.8,-0.1,10.1,10.4,-0.3,12.5,13.0,-0.4,13.0,13.3,-0.3,13.6,13.5,0.0,14.8,14.8,0.1,15.5,15.3,0.2,17.7,18.0,-0.3,19.3,19.1,0.2,17.3,16.5,0.8,14.6,14.6,0.0,14.8,14.9,-0.1,12.8,12.7,0.1,14.1,14.7,-0.6,14.8,15.0,-0.2,13.7,13.7,0.1,13.3,13.2,0.1,13.9,13.9,0.1,12.7,12.7,0.0,14.7,14.7,0.0,17.3,17.4,-0.2,12.0,11.9,0.1,14.9,14.9,-0.1,16.9,16.9,0.0,16.2,16.0,0.2,15.0,14.7,0.3,16.7,16.5,0.3,15.9,15.5,0.3,14.4,14.3,0.1,14.7,14.5,0.3,14.5,13.9,0.6,15.2,15.1,0.1,15.5,15.3,0.2,12.6,12.3,0.2,15.9,15.8,0.1,17.0,16.7,0.3,17.2,16.9,0.3,15.4,15.0,0.4,16.3,15.8,0.5,17.2,16.7,0.5,18.3,17.9,0.4,15.5,15.3,0.2,17.3,17.0,0.3,17.8,17.6,0.3,15.5,15.3,0.2,13.3,12.7,0.5
"광주광역시",17.4,18.7,-1.3,11.4,12.3,-0.8,11.5,12.2,-0.8,10.6,11.1,-0.5,10.9,11.3,-0.4,10.5,10.9,-0.4,11.5,12.0,-0.5,11.3,11.8,-0.4,10.9,11.3,-0.4,12.7,13.1,-0.4,13.7,14.2,-0.6,14.4,15.3,-0.9,15.5,16.4,-0.9,13.4,14.0,-0.6,10.7,11.8,-1.1,11.7,12.1,-0.4,11.3,11.9,-0.6,10.5,11.0,-0.5,12.7,13.0,-0.2,10.1,10.4,-0.3,10.6,11.2,-0.7,10.8,11.4,-0.6,10.1,10.8,-0.6,12.4,13.5,-1.1,15.7,16.4,-0.7,11.3,12.2,-0.8,10.8,11.5,-0.6,12.7,13.2,-0.4,12.6,12.7,-0.1,12.5,12.6,-0.1,14.3,14.5,-0.2,10.5,11.0,-0.5,12.5,13.0,-0.5,12.2,12.9,-0.7,11.5,12.5,-1.0,15.0,16.0,-1.0,16.7,18.1,-1.4,12.3,12.2,0.1,13.5,13.8,-0.3,13.5,13.6,-0.2,13.3,13.5,-0.3,14.9,14.3,0.6,14.4,14.8,-0.5,13.9,14.1,-0.2,13.8,14.1,-0.3,13.7,14.2,-0.5,14.6,15.2,-0.6,16.7,17.6,-0.9,18.9,19.9,-1.1,16.8,17.6,-0.8,17.3,18.8,-1.5,15.2,16.0,-0.8,14.0,14.7,-0.7,15.3,15.5,-0.2,13.3,13.8,-0.5,13.8,14.1,-0.3,15.5,15.9,-0.4,13.9,14.3,-0.4,16.5,16.1,0.3,18.6,19.0,-0.4,18.6,19.1,-0.4,15.9,15.7,0.2,15.0,16.9,-1.9,14.9,15.3,-0.4,14.3,14.6,-0.3,13.5,13.4,0.1,14.6,14.8,-0.1,15.3,15.0,0.3,12.6,12.7,-0.1,13.9,13.9,-0.1,14.3,14.4,-0.1,15.9,16.2,-0.3,19.4,20.1,-0.6,16.2,15.8,0.4,14.1,15.5,-1.4,15.5,16.3,-0.8,16.4,16.4,0.0,12.4,12.2,0.2,14.7,14.7,0.0,14.4,14.1,0.3,14.0,14.0,0.0,14.5,15.1,-0.6,14.3,15.3,-1.0,16.3,17.4,-1.0,17.7,18.6,-0.9,16.6,16.4,0.1,13.8,16.0,-2.2,14.5,15.0,-0.5,12.1,12.2,-0.1,13.8,14.0,-0.1,15.1,15.1,0.0,12.2,12.4,-0.3,13.0,13.4,-0.4,13.3,13.7,-0.4,13.1,13.9,-0.8,16.5,17.4,-0.9,20.3,21.5,-1.2,14.1,14.0,0.1,15.0,17.0,-2.0,14.9,15.7,-0.7,14.0,14.7,-0.7,13.2,13.6,-0.4,14.6,15.0,-0.4,12.4,12.5,-0.2,14.6,15.0,-0.3,15.1,15.1,0.0,15.4,15.6,-0.2,15.1,15.9,-0.8,17.0,17.9,-0.9,13.8,13.7,0.1,15.7,18.1,-2.5,14.9,15.0,-0.1,13.7,14.9,-1.2,12.4,13.2,-0.8,14.6,15.4,-0.8,12.9,13.5,-0.6,14.3,14.9,-0.6,13.3,14.1,-0.7,16.9,17.2,-0.3,19.9,20.1,-0.2,19.1,19.2,-0.1,16.4,16.0,0.4
"대전광역시",24.2,23.2,1.0,14.9,14.9,0.0,13.3,13.6,-0.3,11.7,11.9,-0.2,13.2,13.4,-0.2,13.7,13.2,0.5,14.6,14.6,0.1,11.7,12.2,-0.5,10.9,11.3,-0.4,12.7,12.8,-0.1,13.5,13.8,-0.2,15.2,14.9,0.3,18.2,18.1,0.1,15.3,15.7,-0.4,12.3,12.8,-0.6,12.6,13.0,-0.4,12.6,13.0,-0.3,10.4,10.5,-0.1,12.4,12.4,0.0,10.9,11.1,-0.2,11.7,11.8,-0.1,13.1,13.0,0.1,12.1,12.4,-0.2,14.4,14.6,-0.3,18.9,18.8,0.1,14.1,14.2,-0.1,13.3,13.7,-0.4,12.1,12.1,0.0,11.6,11.3,0.3,12.2,12.3,-0.2,13.9,13.6,0.3,11.3,11.5,-0.2,13.1,13.5,-0.4,13.4,13.7,-0.3,12.8,13.0,-0.3,15.7,16.1,-0.5,20.1,20.4,-0.3,16.4,17.1,-0.7,19.7,20.7,-0.9,14.9,15.2,-0.3,11.7,12.4,-0.7,13.3,13.0,0.3,12.9,13.4,-0.5,12.5,13.2,-0.7,12.3,13.3,-0.9,12.5,12.9,-0.4,13.4,14.1,-0.7,16.6,17.6,-1.0,18.9,20.0,-1.1,16.7,17.1,-0.4,17.8,19.3,-1.6,14.2,15.5,-1.3,15.2,16.4,-1.2,15.2,15.5,-0.3,13.7,14.4,-0.7,13.8,14.5,-0.7,15.6,16.3,-0.7,14.7,14.6,0.2,15.2,15.4,-0.2,17.7,18.7,-1.1,21.3,22.3,-0.9,16.7,17.3,-0.6,16.2,17.8,-1.7,14.4,15.6,-1.3,14.6,15.6,-1.0,13.4,14.2,-0.8,13.3,14.3,-1.1,14.0,15.1,-1.1,11.2,12.5,-1.3,12.3,13.3,-1.0,13.3,14.3,-1.0,14.9,15.8,-1.0,19.4,20.6,-1.1,16.6,17.6,-1.0,14.8,16.3,-1.5,14.4,15.3,-0.9,14.3,15.3,-1.0,10.7,11.3,-0.7,14.5,15.2,-0.7,14.4,14.5,-0.1,13.3,13.8,-0.5,13.5,14.4,-0.9,13.3,14.7,-1.4,15.1,16.6,-1.4,17.6,19.7,-2.0,16.2,17.0,-0.8,14.4,16.2,-1.8,13.5,14.9,-1.4,11.7,12.7,-1.0,13.3,14.0,-0.6,13.7,14.4,-0.7,12.2,12.9,-0.7,13.7,15.1,-1.4,14.6,16.4,-1.7,12.2,13.1,-0.9,15.6,17.2,-1.6,20.5,21.3,-0.8,14.4,14.6,-0.3,15.5,16.6,-1.1,15.7,16.3,-0.7,14.2,14.9,-0.7,12.5,13.0,-0.4,15.2,15.8,-0.5,12.6,12.9,-0.4,13.9,14.7,-0.8,12.7,13.5,-0.8,12.5,13.2,-0.7,16.1,17.0,-0.9,19.4,20.1,-0.7,14.6,15.5,-0.9,14.7,17.0,-2.2,14.3,15.7,-1.4,14.1,15.4,-1.3,12.4,13.5,-1.1,13.8,15.2,-1.4,14.1,15.1,-0.9,13.7,14.9,-1.2,12.4,13.5,-1.1,14.4,15.5,-1.1,17.5,19.1,-1.6,18.4,20.5,-2.1,15.3,16.1,-0.9
"울산광역시",13.2,15.3,-2.2,10.0,10.3,-0.3,10.1,10.3,-0.2,9.5,9.6,-0.1,9.8,10.0,-0.2,8.6,9.0,-0.4,9.6,10.2,-0.6,9.8,10.2,-0.5,9.4,9.7,-0.3,9.7,10.1,-0.4,10.4,10.6,-0.2,10.5,11.4,-0.8,14.0,15.3,-1.3,12.8,13.0,-0.2,11.5,11.5,0.0,11.9,12.0,-0.1,13.1,13.2,0.0,8.8,9.1,-0.3,10.5,11.4,-0.8,10.1,10.7,-0.6,11.4,11.8,-0.4,9.2,9.9,-0.7,8.8,9.4,-0.7,10.2,11.1,-1.0,12.2,13.8,-1.6,9.3,9.9,-0.6,9.0,9.5,-0.6,8.9,9.3,-0.4,7.8,8.4,-0.5,8.2,8.8,-0.6,9.2,10.4,-1.3,8.1,9.0,-0.9,9.8,10.7,-0.9,10.7,11.3,-0.6,9.6,10.3,-0.7,10.7,12.0,-1.4,13.7,15.6,-1.9,11.1,11.6,-0.5,11.7,12.6,-0.9,12.1,12.2,-0.1,10.0,10.8,-0.8,10.4,11.9,-1.5,10.0,11.5,-1.4,10.7,11.5,-0.8,10.9,11.9,-1.0,10.3,11.5,-1.1,10.9,12.1,-1.2,12.8,15.1,-2.3,15.2,18.0,-2.9,14.0,14.7,-0.8,13.8,15.3,-1.5,11.6,13.0,-1.4,10.4,11.3,-0.9,10.4,11.6,-1.2,10.3,11.6,-1.3,10.2,11.2,-1.0,11.4,12.6,-1.1,10.3,11.4,-1.1,11.9,12.6,-0.7,14.0,15.4,-1.4,16.9,18.6,-1.6,12.8,13.9,-1.2,12.9,14.0,-1.1,11.9,12.6,-0.7,11.5,12.2,-0.7,9.7,10.4,-0.7,10.7,11.5,-0.8,11.7,12.3,-0.6,10.2,10.9,-0.6,12.5,13.4,-0.9,14.2,15.0,-0.9,14.1,15.3,-1.2,16.6,18.0,-1.4,13.0,14.1,-1.1,11.0,11.9,-0.9,11.2,12.1,-0.9,10.3,11.1,-0.9,7.8,8.7,-0.9,10.3,11.5,-1.2,10.3,11.4,-1.0,10.1,11.5,-1.4,10.8,11.8,-1.0,10.9,12.0,-1.1,12.3,13.7,-1.4,14.6,16.4,-1.7,13.6,14.4,-0.8,12.2,12.6,-0.4,12.3,12.9,-0.6,11.2,11.5,-0.3,12.0,13.0,-1.0,10.6,12.1,-1.5,9.9,10.9,-1.0,10.7,11.5,-0.8,10.7,11.7,-1.0,11.2,12.1,-0.8,12.6,14.1,-1.5,15.3,17.6,-2.3,11.3,12.3,-1.1,11.8,12.7,-1.0,12.0,12.8,-0.8,11.3,11.7,-0.4,10.5,11.1,-0.7,11.7,12.3,-0.6,10.5,11.1,-0.6,12.3,12.9,-0.6,14.0,14.5,-0.5,12.4,13.0,-0.6,13.8,14.6,-0.7,17.0,18.0,-1.0,15.2,15.7,-0.5,14.2,15.3,-1.1,14.9,14.4,0.5,16.7,15.2,1.5,11.4,11.6,-0.2,12.2,12.4,-0.2,14.2,14.3,-0.1,16.7,17.1,-0.5,14.4,14.8,-0.4,15.8,15.7,0.1,16.9,16.3,0.6,14.6,15.1,-0.5,14.0,13.7,0.3
"세종특별자치시",28.1,25.9,2.3,16.2,15.9,0.4,14.0,14.0,0.0,13.8,12.2,1.6,14.9,13.7,1.2,12.8,12.9,-0.1,17.2,15.7,1.5,16.3,14.1,2.2,10.8,10.6,0.1,11.8,12.0,-0.2,15.7,15.1,0.6,16.4,16.1,0.4,23.6,23.1,0.5,22.0,21.1,0.9,14.8,14.1,0.7,13.6,13.3,0.3,13.9,13.8,0.2,11.6,11.8,-0.2,13.0,14.0,-1.0,12.8,12.9,-0.1,12.1,12.2,-0.1,12.6,12.3,0.3,11.8,11.4,0.4,16.4,15.8,0.5,23.7,21.6,2.1,19.1,16.8,2.3,16.7,14.6,2.1,13.2,12.0,1.2,12.4,11.8,0.6,12.9,11.6,1.4,14.3,12.8,1.4,12.7,11.0,1.7,15.0,12.7,2.3,16.9,13.9,3.0,15.7,13.1,2.6,18.2,16.0,2.3,30.0,23.5,6.5,30.9,23.6,7.3,32.9,25.4,7.4,19.9,16.5,3.5,20.7,15.8,4.8,18.6,15.1,3.5,18.2,15.7,2.5,19.8,16.2,3.7,17.8,15.2,2.6,14.4,13.0,1.5,16.7,14.2,2.4,21.0,17.8,3.2,28.1,22.7,5.5,26.6,20.6,6.0,29.4,22.0,7.5,27.9,20.0,7.9,31.9,22.2,9.6,19.5,17.3,2.2,19.1,16.3,2.8,17.5,15.2,2.3,16.3,16.9,-0.6,13.8,13.8,-0.1,16.2,15.5,0.7,22.6,20.0,2.6,32.9,28.0,4.8,27.0,21.8,5.2,25.2,19.3,6.0,24.5,17.2,7.4,28.0,19.6,8.5,22.6,17.2,5.4,22.4,16.8,5.6,27.3,18.4,8.8,21.2,15.0,6.2,18.3,14.4,3.9,20.8,15.1,5.6,24.7,17.1,7.6,39.5,26.0,13.5,29.3,20.1,9.2,23.1,16.3,6.7,21.5,15.7,5.8,25.2,17.2,8.0,24.2,15.2,9.0,29.1,18.6,10.5,27.8,19.4,8.4,28.7,18.4,10.3,25.9,16.6,9.3,36.7,21.5,15.2,32.5,20.7,11.7,45.1,23.5,21.5,31.2,19.1,12.1,30.2,17.2,13.0,27.7,16.2,11.5,25.2,14.6,10.6,24.9,15.6,9.3,33.3,20.8,12.5,29.0,16.4,12.6,36.6,19.1,17.5,43.5,21.3,22.2,30.5,17.0,13.4,35.0,19.0,16.1,37.6,24.5,13.0,25.8,17.6,8.2,32.4,21.1,11.3,29.0,19.5,9.5,26.0,15.1,10.9,20.6,13.2,7.4,27.1,16.0,11.1,19.0,10.8,8.2,24.8,13.3,11.5,25.5,13.6,11.9,23.7,13.8,9.9,31.9,15.0,16.9,44.4,18.2,26.2,39.5,15.2,24.3,43.1,16.7,26.3,37.0,14.9,22.1,39.3,15.2,24.1,36.6,14.0,22.6,43.9,15.9,27.9,41.2,15.2,26.0,35.0,14.9,20.1,35.7,14.6,21.1,42.1,17.1,25.0,56.8,22.1,34.7,86.3,23.5,62.8,60.4,19.3,41.1
"경기도",16.3,16.2,0.0,11.3,10.9,0.4,12.1,11.8,0.4,11.7,11.3,0.4,13.0,12.5,0.5,12.1,11.7,0.4,12.2,11.7,0.5,12.5,11.9,0.6,10.9,10.3,0.6,12.0,11.5,0.5,13.3,12.8,0.5,13.1,12.8,0.3,15.9,15.4,0.5,13.7,13.3,0.4,11.8,11.5,0.3,12.4,12.2,0.3,12.1,11.8,0.3,10.9,10.8,0.1,12.6,12.4,0.2,11.8,11.5,0.3,12.4,11.9,0.6,12.2,11.8,0.4,11.5,11.2,0.4,13.7,13.5,0.2,15.6,15.1,0.5,12.0,11.4,0.6,12.0,11.4,0.6,12.2,11.8,0.3,11.4,11.0,0.4,11.6,11.4,0.3,12.3,12.1,0.2,10.6,10.4,0.2,11.4,11.0,0.4,12.2,11.8,0.3,11.4,11.1,0.3,12.9,12.7,0.2,15.7,15.5,0.2,13.0,12.5,0.5,14.6,13.9,0.8,14.7,13.9,0.8,13.4,12.8,0.6,14.7,13.7,0.9,15.2,13.8,1.4,13.8,12.9,0.9,13.7,12.8,1.0,13.7,12.8,0.8,15.6,14.5,1.1,18.7,17.3,1.3,19.5,17.4,2.0,15.1,13.2,1.9,17.0,15.9,1.1,15.6,14.5,1.1,15.0,14.0,1.0,16.8,15.4,1.4,16.5,15.0,1.5,14.7,13.7,1.0,15.4,14.2,1.2,14.2,13.2,1.0,15.6,13.7,1.9,19.2,17.3,2.0,20.4,19.1,1.3,15.0,14.2,0.8,15.0,14.1,0.9,14.0,13.3,0.7,14.8,14.0,0.8,13.8,12.8,1.0,14.8,13.4,1.4,14.6,13.3,1.3,12.7,11.6,1.1,14.4,13.2,1.2,15.3,14.3,1.0,15.2,14.4,0.8,18.1,17.0,1.1,16.0,15.0,1.0,15.6,14.4,1.3,16.6,15.3,1.3,16.7,15.4,1.4,12.8,11.7,1.1,15.7,14.2,1.5,14.6,13.2,1.4,14.2,12.9,1.3,15.3,14.0,1.3,15.4,14.2,1.2,17.7,16.3,1.4,19.7,18.1,1.6,16.5,15.2,1.3,15.3,14.1,1.2,15.7,14.4,1.3,13.7,12.7,1.0,16.5,15.2,1.3,15.7,14.7,1.0,13.1,12.4,0.7,13.3,12.7,0.6,13.7,13.0,0.7,13.1,12.5,0.6,16.0,15.1,0.9,19.2,18.3,0.9,13.7,13.0,0.8,17.2,16.0,1.2,17.6,16.4,1.2,16.0,14.8,1.2,14.8,13.8,1.1,17.2,15.8,1.4,14.4,13.1,1.2,14.4,13.4,1.0,14.4,13.5,1.0,13.7,13.0,0.7,16.3,15.5,0.9,17.8,16.8,1.0,14.1,13.2,0.9,17.2,16.0,1.2,17.1,16.2,0.8,16.6,15.7,0.9,14.6,13.7,0.9,15.9,15.0,0.9,15.2,14.5,0.7,16.3,15.6,0.7,15.0,14.3,0.7,16.4,15.7,0.7,18.7,17.9,0.8,17.3,16.9,0.4,13.8,13.5,0.3
"강원특별자치도",17.9,18.8,-1.0,12.9,13.8,-0.9,13.8,14.0,-0.2,11.5,11.6,-0.1,11.0,11.2,-0.2,9.9,9.9,0.0,10.8,10.9,-0.1,11.4,11.4,-0.1,10.1,10.0,0.1,10.6,10.7,-0.1,12.4,12.4,0.0,14.5,14.4,0.1,16.3,17.1,-0.8,13.6,14.2,-0.6,10.9,10.9,-0.1,11.3,11.3,0.0,11.0,11.3,-0.3,10.4,10.5,-0.2,11.0,11.0,0.0,9.8,9.9,-0.1,10.3,10.2,0.1,11.3,11.1,0.2,10.5,10.4,0.1,14.1,14.0,0.2,14.8,15.4,-0.7,11.2,11.6,-0.4,11.4,11.1,0.3,11.3,11.2,0.1,10.6,10.2,0.4,11.3,10.5,0.9,12.2,11.9,0.4,11.3,10.9,0.4,11.8,11.4,0.4,12.9,12.4,0.5,12.9,12.1,0.8,14.7,14.0,0.6,18.2,17.5,0.8,14.5,14.0,0.5,15.0,14.3,0.7,14.8,13.8,0.9,14.3,13.2,1.1,15.7,14.9,0.8,12.6,12.2,0.3,12.9,12.1,0.7,12.6,12.0,0.6,12.8,12.1,0.7,14.2,13.8,0.4,16.0,16.1,0.0,16.2,16.6,-0.4,13.6,14.2,-0.6,15.1,14.4,0.7,14.2,13.4,0.7,13.3,12.5,0.9,13.0,12.5,0.5,12.0,11.3,0.7,13.7,12.9,0.8,15.3,14.5,0.8,12.3,11.4,0.9,13.5,14.0,-0.5,17.1,17.6,-0.5,19.1,19.6,-0.4,17.1,17.5,-0.4,15.4,15.0,0.3,14.1,13.4,0.7,12.5,12.1,0.4,12.4,12.1,0.2,13.7,13.4,0.2,12.5,12.5,0.1,11.7,11.5,0.2,13.5,13.3,0.2,14.8,14.4,0.4,15.9,15.7,0.2,18.1,19.0,-0.9,16.7,17.5,-0.8,15.2,15.3,-0.1,16.0,15.6,0.3,13.7,13.7,0.0,10.9,10.7,0.2,12.7,13.0,-0.3,13.4,13.6,-0.2,11.6,11.8,-0.2,13.0,13.0,0.1,13.6,14.0,-0.4,16.4,16.3,0.1,17.1,18.3,-1.2,16.2,17.4,-1.2,16.2,15.3,0.9,15.7,14.5,1.2,10.8,10.5,0.4,12.2,11.9,0.3,12.2,12.1,0.1,11.1,11.4,-0.2,12.4,11.8,0.6,12.2,12.2,0.0,12.2,12.3,0.0,16.7,16.8,-0.1,19.9,20.6,-0.6,14.2,15.2,-1.0,16.8,16.2,0.6,14.9,14.7,0.2,14.3,13.9,0.4,12.5,12.0,0.5,13.2,13.0,0.1,11.5,11.5,0.0,12.6,12.0,0.6,12.3,12.5,-0.2,14.1,13.8,0.3,18.1,18.2,-0.1,19.1,19.9,-0.8,15.5,15.7,-0.2,16.4,16.2,0.2,14.4,14.4,0.0,15.2,14.4,0.8,12.5,12.2,0.3,13.2,13.3,-0.1,13.6,13.2,0.4,15.3,13.8,1.5,13.3,12.3,1.0,14.5,14.0,0.5,18.2,18.0,0.2,16.7,17.3,-0.6,14.6,15.3,-0.6
"충청북도",16.4,16.2,0.2,11.9,11.9,0.1,12.5,12.1,0.4,11.4,10.8,0.6,10.6,10.4,0.3,10.5,10.0,0.5,10.7,10.7,0.0,12.3,12.2,0.0,11.6,11.1,0.5,12.2,11.6,0.7,12.8,12.6,0.3,12.7,12.2,0.5,13.7,14.3,-0.6,12.5,13.1,-0.6,10.9,10.9,0.0,11.0,10.6,0.3,10.7,10.3,0.4,10.4,10.2,0.3,13.8,13.4,0.4,10.7,10.3,0.5,10.6,10.3,0.3,10.3,10.1,0.2,10.4,10.2,0.2,14.9,14.1,0.8,15.3,15.7,-0.4,12.0,12.0,0.0,11.4,11.1,0.3,10.2,10.0,0.2,10.0,9.7,0.3,11.3,10.8,0.6,10.9,10.8,0.2,10.1,9.9,0.3,11.8,11.5,0.3,11.4,11.2,0.2,11.2,10.7,0.5,13.7,12.8,0.9,16.0,15.7,0.3,12.0,12.1,0.0,14.7,14.1,0.6,12.2,11.7,0.4,12.0,11.6,0.3,12.5,12.6,-0.1,11.7,11.8,-0.1,11.9,11.7,0.2,13.6,12.8,0.9,12.0,11.3,0.7,13.9,13.2,0.7,15.3,15.5,-0.1,17.2,17.4,-0.2,15.0,15.7,-0.7,18.6,17.5,1.2,14.3,13.6,0.7,14.0,13.4,0.7,13.1,12.7,0.3,11.9,11.6,0.2,12.8,12.4,0.4,15.8,14.9,0.8,12.4,12.2,0.2,12.7,13.4,-0.7,16.4,17.0,-0.5,16.6,17.0,-0.4,15.1,15.4,-0.3,14.9,14.4,0.5,14.2,13.9,0.3,15.1,14.8,0.3,11.8,11.7,0.1,12.3,12.2,0.1,10.5,10.6,-0.2,10.0,10.1,-0.1,12.1,11.7,0.4,12.8,12.1,0.6,13.3,13.3,0.0,16.9,17.0,-0.1,16.0,15.9,0.1,16.0,15.1,0.9,15.3,14.9,0.4,17.6,16.8,0.8,10.8,10.6,0.2,12.1,12.1,0.0,11.2,11.0,0.3,10.7,10.8,-0.1,12.3,11.9,0.5,13.3,13.0,0.3,16.1,15.7,0.4,16.0,15.7,0.3,14.2,14.4,-0.2,13.3,13.0,0.3,12.3,11.8,0.5,9.9,9.8,0.2,11.7,11.6,0.1,12.5,12.4,0.0,11.3,11.2,0.1,11.8,11.8,0.0,11.6,11.7,-0.1,11.6,11.1,0.6,14.3,14.4,-0.2,17.2,17.0,0.2,12.5,12.5,0.0,14.0,13.3,0.7,13.6,12.8,0.8,12.4,11.9,0.4,11.0,10.8,0.2,12.5,12.4,0.1,11.0,10.8,0.3,11.4,11.1,0.2,12.0,11.4,0.6,12.8,12.2,0.6,15.0,14.8,0.2,15.5,15.9,-0.4,13.1,13.2,-0.1,15.9,15.4,0.5,12.7,12.6,0.1,13.1,12.9,0.1,11.1,11.1,0.0,12.1,12.4,-0.2,13.3,13.8,-0.5,15.3,13.9,1.4,11.5,11.2,0.4,13.9,13.7,0.2,16.7,16.5,0.2,15.0,15.6,-0.5,13.6,14.0,-0.5
"충청남도",19.0,18.6,0.3,12.6,12.6,0.0,11.3,10.9,0.4,10.7,10.1,0.7,11.9,11.1,0.8,11.1,10.7,0.4,11.7,11.3,0.4,11.2,10.7,0.5,10.0,9.5,0.5,11.5,10.7,0.8,13.5,12.4,1.1,14.6,13.4,1.2,17.6,16.7,0.9,15.6,14.9,0.7,11.8,11.0,0.8,12.1,11.0,1.1,11.9,10.8,1.1,11.2,10.6,0.6,13.7,13.0,0.7,10.8,10.3,0.5,11.3,10.6,0.7,11.0,10.3,0.6,10.9,10.1,0.7,14.9,14.0,0.9,17.5,16.6,0.9,13.9,13.5,0.4,12.1,11.3,0.9,11.5,10.5,1.0,10.5,9.5,1.0,11.0,10.2,0.8,11.8,11.2,0.6,10.8,10.1,0.7,12.2,11.6,0.6,12.6,12.0,0.6,11.9,11.1,0.8,13.9,13.3,0.6,17.5,17.0,0.5,12.5,12.6,-0.1,13.7,13.3,0.3,12.2,11.4,0.8,11.2,10.4,0.8,12.6,12.5,0.1,12.7,12.5,0.2,12.6,12.0,0.6,13.2,12.6,0.6,12.0,11.3,0.7,13.5,12.8,0.7,16.3,15.7,0.7,17.0,17.1,-0.1,14.0,14.4,-0.4,15.7,15.2,0.5,12.9,12.5,0.4,11.7,11.6,0.2,12.7,12.6,0.1,12.4,12.4,0.0,12.8,12.2,0.6,15.0,14.1,0.9,12.5,12.4,0.1,12.4,13.0,-0.6,15.0,15.6,-0.6,17.0,17.7,-0.7,13.5,14.0,-0.5,12.6,12.7,-0.1,11.4,11.5,0.0,11.4,11.4,0.0,11.1,11.1,0.0,12.0,12.0,-0.1,11.0,11.2,-0.3,10.3,10.1,0.2,11.2,11.3,-0.1,12.0,11.9,0.1,13.6,13.3,0.3,16.4,16.7,-0.3,14.4,14.6,-0.2,13.3,12.6,0.6,13.7,13.1,0.6,12.8,12.3,0.5,10.4,10.2,0.2,13.1,12.7,0.5,13.2,13.1,0.1,13.7,13.4,0.4,13.8,13.3,0.5,14.2,13.5,0.7,15.6,14.9,0.7,17.6,17.2,0.4,15.3,14.7,0.6,13.0,12.3,0.7,13.5,12.8,0.8,11.0,10.3,0.7,13.4,12.5,0.8,14.9,13.8,1.1,11.8,11.0,0.8,12.3,11.3,1.0,12.7,11.9,0.8,12.9,11.8,1.1,17.0,15.7,1.3,20.3,18.8,1.5,13.2,12.8,0.4,15.4,13.8,1.6,14.7,13.5,1.2,12.9,12.0,0.9,12.1,11.3,0.8,13.1,12.4,0.7,11.1,10.8,0.3,12.6,11.8,0.8,14.0,13.3,0.7,12.8,12.3,0.5,15.5,15.0,0.4,18.1,17.5,0.7,14.1,13.7,0.3,15.8,14.5,1.4,14.2,13.4,0.8,14.0,13.7,0.3,12.5,12.2,0.3,13.2,12.2,1.0,11.8,11.7,0.1,13.1,12.6,0.5,12.1,11.6,0.5,14.0,13.4,0.6,16.8,16.3,0.5,16.3,16.7,-0.4,15.7,15.4,0.3
"전북특별자치도",15.6,16.4,-0.8,10.8,11.1,-0.3,12.9,13.0,-0.2,11.7,11.7,-0.1,12.0,12.0,0.0,10.2,10.7,-0.5,9.9,10.4,-0.4,10.4,10.7,-0.3,9.6,9.9,-0.3,10.6,10.8,-0.2,11.0,11.4,-0.4,12.1,12.8,-0.7,14.6,15.2,-0.6,12.1,12.7,-0.6,10.3,10.6,-0.3,10.3,10.3,0.0,10.0,10.2,-0.2,9.3,9.5,-0.2,11.0,11.4,-0.4,10.0,10.1,-0.1,10.1,10.3,-0.2,9.9,10.1,-0.2,9.5,9.7,-0.2,12.7,13.0,-0.3,14.6,15.2,-0.6,11.5,11.8,-0.3,11.1,11.3,-0.2,11.1,11.2,0.0,10.3,10.4,0.0,10.1,10.3,-0.2,11.3,11.7,-0.3,11.0,11.5,-0.5,11.2,11.4,-0.3,10.7,11.1,-0.4,10.3,10.3,0.0,12.2,12.6,-0.4,14.8,15.4,-0.6,11.2,11.8,-0.6,13.3,13.8,-0.5,12.9,13.2,-0.2,11.3,11.7,-0.4,12.2,12.7,-0.6,11.2,11.7,-0.6,11.9,11.9,0.0,12.3,12.0,0.3,10.8,10.6,0.2,11.7,12.1,-0.4,14.4,15.0,-0.5,15.1,15.8,-0.7,13.4,13.9,-0.5,15.4,15.7,-0.3,13.3,13.4,-0.1,12.7,12.6,0.0,13.7,13.8,-0.1,12.4,12.7,-0.3,13.5,13.6,-0.2,13.9,14.4,-0.5,11.6,12.3,-0.7,13.0,13.6,-0.7,15.5,16.6,-1.1,17.0,18.1,-1.1,14.6,15.3,-0.7,14.1,15.0,-0.8,12.6,13.1,-0.4,11.7,12.1,-0.4,10.9,11.4,-0.5,11.0,11.7,-0.6,11.3,11.9,-0.6,9.7,10.2,-0.5,11.2,11.9,-0.7,12.8,13.4,-0.6,14.6,15.5,-0.9,17.0,18.4,-1.3,14.4,15.4,-1.1,13.7,14.3,-0.5,12.9,13.5,-0.6,12.0,12.6,-0.6,9.7,10.1,-0.5,12.1,12.9,-0.8,11.6,12.4,-0.9,11.4,12.3,-0.8,12.9,13.3,-0.4,14.2,14.7,-0.5,16.3,17.0,-0.8,17.9,19.1,-1.2,15.0,16.4,-1.5,15.3,14.6,0.6,12.5,12.8,-0.3,9.6,9.9,-0.4,11.1,11.4,-0.3,11.8,12.4,-0.5,11.1,11.6,-0.5,11.2,11.6,-0.5,11.6,11.9,-0.3,11.1,11.5,-0.4,14.7,15.3,-0.6,17.9,18.7,-0.8,13.3,14.1,-0.8,15.9,15.5,0.4,14.8,14.4,0.4,11.8,12.2,-0.4,11.1,11.4,-0.3,12.5,12.8,-0.2,10.8,11.0,-0.2,13.1,13.0,0.1,12.4,12.8,-0.4,12.5,12.8,-0.3,16.3,16.8,-0.5,16.6,17.1,-0.5,12.9,13.8,-0.9,16.0,15.9,0.1,14.9,14.6,0.2,13.8,13.8,0.0,12.1,12.1,0.1,13.4,13.7,-0.3,12.2,12.5,-0.3,12.8,13.1,-0.3,11.8,11.9,-0.1,14.4,14.4,0.0,16.9,17.4,-0.5,16.8,17.2,-0.3,14.2,14.6,-0.3
"전라남도",15.5,16.0,-0.6,10.7,10.8,-0.1,11.5,11.4,0.1,9.3,9.2,0.1,9.2,9.3,-0.1,9.3,9.2,0.0,10.7,10.9,-0.3,10.5,10.7,-0.3,8.9,8.9,0.0,9.1,9.4,-0.3,9.8,10.0,-0.2,10.7,11.2,-0.6,12.5,13.4,-0.9,11.8,12.1,-0.3,9.9,9.6,0.3,9.0,8.9,0.1,8.8,8.9,-0.1,8.3,8.5,-0.2,10.0,10.5,-0.5,8.7,9.1,-0.4,9.3,9.3,0.0,10.3,10.3,0.0,9.7,9.5,0.2,13.3,13.3,0.0,14.1,14.7,-0.6,10.8,10.7,0.0,10.2,9.9,0.3,10.2,9.9,0.3,8.6,8.8,-0.2,9.4,9.8,-0.4,9.4,9.7,-0.3,8.6,8.7,-0.1,9.8,10.1,-0.2,10.6,10.5,0.1,10.4,10.0,0.4,12.5,12.8,-0.3,15.0,15.2,-0.2,12.1,11.8,0.3,14.2,14.2,0.0,11.8,11.7,0.1,10.0,10.0,-0.1,11.1,12.5,-1.4,10.8,11.3,-0.4,10.5,10.9,-0.4,10.9,11.2,-0.3,10.5,10.5,0.0,12.0,11.9,0.2,15.0,15.3,-0.3,15.6,15.8,-0.1,14.1,14.3,-0.2,16.7,15.5,1.1,13.6,13.2,0.4,11.5,11.4,0.1,12.1,12.3,-0.3,12.7,13.2,-0.6,11.6,12.1,-0.5,11.9,12.4,-0.5,10.9,11.3,-0.4,12.0,13.1,-1.1,14.6,15.9,-1.3,14.7,16.1,-1.4,13.3,15.5,-2.1,16.9,14.5,2.4,12.0,11.3,0.7,10.7,11.0,-0.2,10.4,10.9,-0.5,10.7,11.6,-0.9,10.3,11.1,-0.8,9.9,10.4,-0.5,11.0,11.6,-0.6,11.9,12.3,-0.4,12.6,13.4,-0.8,14.9,16.7,-1.8,13.7,15.9,-2.2,14.2,13.0,1.2,12.3,11.9,0.4,11.3,11.7,-0.5,8.6,9.5,-0.9,11.4,12.4,-1.0,10.4,11.3,-0.8,10.1,11.0,-0.9,10.9,11.1,-0.2,11.6,11.4,0.2,14.1,14.4,-0.3,14.8,15.8,-1.0,14.0,15.5,-1.5,15.6,14.1,1.5,12.1,12.0,0.1,9.5,9.6,-0.1,10.7,10.9,-0.3,11.0,11.8,-0.8,10.5,10.7,-0.1,10.3,10.6,-0.3,10.9,11.0,-0.1,11.3,11.0,0.3,13.9,14.4,-0.5,16.9,17.7,-0.9,12.4,13.2,-0.8,15.3,14.1,1.2,12.2,11.9,0.3,10.6,10.5,0.1,10.2,10.6,-0.5,11.9,12.3,-0.4,10.4,10.7,-0.3,11.4,11.4,0.0,11.3,11.5,-0.2,11.6,11.7,-0.1,15.5,15.6,-0.2,16.2,16.9,-0.7,12.2,13.5,-1.2,17.1,14.7,2.3,12.8,12.9,-0.1,13.0,12.1,0.8,11.5,11.0,0.5,12.7,12.4,0.3,12.5,12.3,0.2,12.5,12.3,0.2,10.3,10.2,0.1,12.5,12.4,0.0,15.8,16.2,-0.4,14.6,15.3,-0.7,13.6,14.5,-0.9
"경상북도",15.4,16.7,-1.3,11.5,12.1,-0.6,11.5,12.0,-0.5,9.7,10.0,-0.3,9.6,9.9,-0.3,8.6,9.0,-0.4,9.6,10.0,-0.4,9.9,10.4,-0.5,9.3,9.4,-0.1,11.3,11.1,0.2,12.3,12.2,0.1,12.5,12.6,-0.1,14.5,15.3,-0.8,13.1,13.8,-0.7,10.9,11.1,-0.2,9.5,9.6,-0.2,9.0,9.2,-0.1,8.4,8.7,-0.3,9.6,10.2,-0.5,8.8,9.1,-0.3,8.9,9.2,-0.3,9.2,9.3,-0.1,9.1,9.1,0.0,12.1,12.1,0.0,13.6,14.6,-1.0,10.3,11.0,-0.7,10.3,10.3,0.0,9.3,9.3,0.0,8.0,8.2,-0.2,8.6,8.9,-0.3,9.5,10.0,-0.5,8.6,9.0,-0.5,9.3,9.9,-0.5,10.0,10.0,0.0,10.0,10.0,0.0,12.4,12.7,-0.2,14.6,15.1,-0.6,11.0,11.6,-0.6,13.2,12.9,0.3,11.3,11.0,0.3,9.9,9.7,0.3,11.3,11.8,-0.5,10.7,11.0,-0.3,10.6,10.6,0.0,11.4,11.1,0.3,11.0,10.4,0.6,12.4,11.9,0.5,15.4,14.8,0.6,15.7,15.8,-0.1,12.9,13.4,-0.5,14.8,14.2,0.6,12.0,11.8,0.2,10.7,10.5,0.3,11.1,11.3,-0.2,9.8,10.9,-1.1,10.3,11.1,-0.8,11.4,12.1,-0.7,9.9,10.6,-0.7,13.0,13.8,-0.8,14.3,16.4,-2.1,15.0,16.3,-1.3,12.6,13.7,-1.1,13.9,13.5,0.4,11.3,11.1,0.1,10.1,10.2,0.0,9.5,9.6,-0.1,9.6,9.9,-0.3,10.1,10.4,-0.3,10.2,9.9,0.2,11.4,11.4,-0.1,11.8,11.9,-0.1,13.0,13.0,0.0,15.2,16.2,-1.0,12.9,13.9,-0.9,12.1,11.9,0.2,11.5,11.3,0.3,11.4,11.5,-0.1,8.7,8.8,-0.1,10.9,11.3,-0.4,10.2,10.7,-0.5,10.5,11.0,-0.4,11.2,11.3,-0.1,12.2,12.4,-0.2,13.4,14.0,-0.7,14.5,15.7,-1.2,12.9,13.8,-0.9,12.5,12.3,0.2,12.2,12.0,0.2,10.2,9.9,0.3,12.5,12.0,0.4,12.7,12.8,-0.1,10.7,11.0,-0.3,9.9,10.2,-0.3,9.7,10.0,-0.4,10.0,10.2,-0.2,12.8,13.4,-0.6,15.5,16.6,-1.1,11.1,11.8,-0.6,12.4,12.5,-0.1,11.5,11.5,0.0,10.6,10.8,-0.2,9.6,9.6,0.0,11.2,11.6,-0.4,9.6,9.8,-0.2,10.7,10.6,0.1,10.8,10.7,0.2,11.5,11.6,0.0,15.4,15.3,0.1,15.9,16.0,0.0,12.0,12.8,-0.7,14.2,14.0,0.2,13.2,12.6,0.5,12.0,11.8,0.1,10.3,10.2,0.0,11.3,11.0,0.3,12.3,11.9,0.4,13.7,13.3,0.4,11.0,11.2,-0.2,12.8,13.1,-0.3,15.7,16.3,-0.6,15.2,15.7,-0.5,12.8,13.5,-0.7
"경상남도",15.9,17.4,-1.5,9.9,10.2,-0.2,9.6,9.7,-0.1,8.8,8.7,0.0,9.3,9.2,0.1,8.9,9.0,-0.1,10.1,10.2,-0.1,10.3,10.3,0.0,9.8,9.9,0.0,9.1,9.5,-0.3,10.3,10.7,-0.4,11.0,11.6,-0.6,13.2,14.5,-1.3,12.1,12.5,-0.4,9.3,9.7,-0.4,9.1,9.3,-0.1,9.4,9.4,-0.1,8.5,8.7,-0.2,8.7,9.4,-0.7,8.1,8.5,-0.4,8.5,8.9,-0.3,8.6,9.1,-0.5,8.3,8.7,-0.4,10.4,11.2,-0.8,12.7,14.4,-1.7,9.4,10.0,-0.6,9.5,9.9,-0.4,9.0,9.3,-0.2,7.7,8.1,-0.4,8.1,8.6,-0.5,9.3,9.9,-0.5,8.4,8.9,-0.5,9.1,9.7,-0.6,9.8,10.3,-0.6,10.3,10.6,-0.3,11.4,12.1,-0.7,14.8,16.2,-1.4,11.0,11.7,-0.7,11.9,12.2,-0.3,10.8,11.1,-0.3,9.7,9.8,-0.2,10.5,11.5,-0.9,10.0,10.7,-0.7,10.0,10.2,-0.2,10.4,10.7,-0.2,10.0,10.3,-0.2,11.2,11.4,-0.1,13.7,14.3,-0.6,15.0,15.8,-0.8,12.8,13.2,-0.4,13.9,13.9,0.0,11.1,11.6,-0.4,10.5,10.6,-0.1,11.0,11.5,-0.4,10.7,11.4,-0.7,9.9,10.4,-0.5,10.8,11.3,-0.5,10.2,10.8,-0.6,11.8,12.5,-0.6,13.7,14.8,-1.1,17.0,17.8,-0.8,14.8,15.0,-0.2,13.9,14.0,-0.1,10.8,10.9,-0.1,10.6,10.6,0.0,9.6,10.0,-0.4,10.6,10.9,-0.3,11.1,11.3,-0.2,9.5,9.8,-0.3,10.9,11.2,-0.3,12.0,12.3,-0.3,12.9,13.3,-0.4,16.0,16.9,-0.9,14.2,14.4,-0.2,11.7,11.9,-0.2,10.6,10.6,-0.1,10.7,10.9,-0.2,8.3,8.6,-0.3,11.2,11.4,-0.2,10.9,11.0,-0.1,10.9,11.0,-0.1,11.4,11.3,0.1,11.5,11.7,-0.2,13.5,13.8,-0.3,14.9,15.4,-0.5,13.8,13.8,0.0,12.8,12.3,0.5,11.9,11.4,0.5,9.9,9.2,0.8,11.0,10.8,0.2,12.2,12.4,-0.2,11.5,11.2,0.3,12.7,12.5,0.2,12.9,12.7,0.2,11.5,11.6,-0.1,13.4,13.6,-0.2,16.4,17.2,-0.8,11.9,11.9,0.0,13.5,12.9,0.6,12.1,11.9,0.2,11.2,11.0,0.2,10.0,10.1,-0.1,11.3,11.6,-0.3,9.8,9.8,0.0,11.8,11.7,0.1,11.7,11.6,0.1,12.5,12.2,0.3,14.1,14.2,-0.1,16.2,16.5,-0.3,13.4,13.6,-0.2,15.4,14.9,0.4,14.4,14.2,0.2,12.8,12.4,0.4,11.4,10.8,0.5,11.4,11.4,0.0,12.0,12.3,-0.3,13.9,14.0,-0.2,12.6,12.4,0.2,14.0,13.6,0.4,16.4,16.0,0.3,15.5,15.8,-0.3,14.2,14.2,0.1
"제주특별자치도",18.1,20.1,-2.1,13.2,14.5,-1.3,12.6,12.9,-0.3,10.5,10.7,-0.2,10.7,10.8,-0.1,10.1,10.8,-0.6,11.0,11.7,-0.6,11.5,11.7,-0.2,9.7,10.1,-0.4,11.1,11.3,-0.2,12.4,12.8,-0.3,13.5,14.2,-0.7,17.3,18.3,-1.0,16.2,17.5,-1.3,11.3,12.0,-0.8,10.7,10.9,-0.2,10.8,10.8,0.0,9.9,10.0,-0.1,11.5,11.9,-0.4,11.4,11.4,0.0,10.5,10.6,-0.2,11.0,10.9,0.0,10.5,10.2,0.3,15.2,15.2,0.0,18.8,19.4,-0.6,14.3,15.4,-1.0,11.9,12.1,-0.2,11.2,11.0,0.2,10.1,10.0,0.2,10.6,10.4,0.1,13.0,11.9,1.1,11.4,10.4,0.9,11.7,11.2,0.6,12.2,11.4,0.8,12.2,11.5,0.7,14.9,14.5,0.4,20.7,19.8,1.0,15.4,15.5,-0.1,14.9,14.7,0.2,13.0,12.4,0.6,11.6,10.7,0.9,13.2,12.7,0.5,12.4,12.3,0.1,12.6,11.6,1.0,12.8,12.1,0.7,12.0,11.2,0.8,13.5,12.5,1.0,16.6,16.2,0.4,20.6,19.6,1.0,17.1,17.2,-0.1,16.5,15.3,1.2,13.0,12.3,0.7,12.4,11.1,1.3,13.6,12.9,0.7,12.5,11.5,1.0,12.5,11.6,0.9,13.6,12.8,0.8,13.4,13.1,0.3,15.8,15.6,0.2,15.8,16.4,-0.6,20.1,19.9,0.1,17.7,18.2,-0.5,15.3,15.3,0.0,13.0,12.8,0.2,12.6,12.4,0.1,11.5,11.4,0.1,12.4,11.9,0.4,12.5,11.9,0.6,11.6,10.8,0.7,13.0,12.0,1.0,13.7,12.9,0.8,15.2,14.2,0.9,21.0,20.8,0.3,20.5,20.3,0.2,15.2,15.1,0.1,14.0,13.5,0.5,14.0,13.2,0.8,11.0,10.1,0.9,14.3,12.9,1.4,14.3,12.6,1.7,13.4,12.0,1.4,14.7,12.9,1.8,14.9,13.1,1.8,18.4,16.4,2.0,22.9,20.9,2.0,23.6,21.8,1.9,16.1,14.3,1.8,16.2,14.1,2.1,12.9,10.5,2.4,14.5,12.2,2.3,14.9,12.1,2.8,13.6,10.7,2.9,13.3,11.7,1.6,14.6,12.2,2.4,14.0,12.0,2.1,18.7,16.6,2.1,27.3,24.8,2.5,20.5,19.4,1.2,16.6,14.8,1.8,14.8,12.9,1.9,13.7,12.0,1.7,13.1,11.4,1.6,15.7,13.6,2.1,13.4,10.9,2.5,15.0,12.7,2.3,15.9,13.2,2.7,16.0,12.9,3.1,20.0,17.0,3.0,27.8,24.2,3.5,22.7,21.1,1.6,17.6,15.2,2.3,14.8,12.8,2.1,14.0,11.4,2.6,12.9,10.3,2.6,12.7,10.4,2.3,13.9,10.9,3.0,13.5,11.2,2.3,12.5,10.4,2.1,14.9,12.4,2.5,19.1,16.8,2.3,24.7,22.3,2.3,21.8,20.3,1.5
